filename,tempo,beats,chroma_stft,rmse,spectral_centroid,spectral_bandwidth,rolloff,zero_crossing_rate,mfcc1,mfcc2,mfcc3,mfcc4,mfcc5,mfcc6,mfcc7,mfcc8,mfcc9,mfcc10,mfcc11,mfcc12,mfcc13,mfcc14,mfcc15,mfcc16,mfcc17,mfcc18,mfcc19,mfcc20,label_as_num,label
pop.00024.au,117.453835227273,57,0.410989904063805,0.207583755254745,3301.7817851668,3175.65659202023,7302.5975088586,0.144526714880031,-40.8020689390048,61.52205385757,9.86821716549445,10.0979278869444,8.4562927428471,5.36791740516536,8.37796282226976,3.50694373216663,8.25380641468473,5.88324239402402,-0.101841642812629,-0.568772048927395,0.552448460007563,-1.9813707039443,1.91575484092803,0.076504635178427,-1.27049593838615,1.23308216114591,1.49369979610597,0.949930771570887,1,pop
pop.00099.au,78.3025568181818,38,0.360462178301794,0.138194799423218,2765.74719408501,3222.71360456502,6873.39177087365,0.096014914497872,-119.32060508353,85.9411418354894,33.8845355750178,9.9907601836258,17.6991895237024,0.51601779939857,9.56337537535029,-5.30042953274664,4.1681486914518,8.11833697166884,-7.97889837421757,1.56693788100637,-2.93239145387561,-1.60913758275741,-0.200545494350299,-2.42937587096743,1.20798835188411,5.848728713132,1.6094690560375,7.58026269451391,1,pop
pop.00009.au,107.666015625,50,0.454810239193258,0.159711480140686,3279.87731507499,3026.39111794268,6953.09962222451,0.172819438733553,-35.2770262558404,61.2421087996855,14.0666858188814,28.6710135410861,4.33026881083561,-1.35558123089205,-0.79249945587789,5.12717789833455,5.3584802419861,1.22407288884324,-7.25786885180106,-0.518890520581857,0.212918445215121,-1.29465990746921,-0.10562592132655,-1.24587900932551,-2.52845522148849,0.571032454098039,1.56943380531998,-1.72487328600854,1,pop
pop.00078.au,103.359375,52,0.45469765879835,0.223418861627579,3124.17635029952,2970.32053203802,6618.1349810432,0.142720981279025,-42.7571786204145,62.7994741578295,4.7600574777808,24.0676913290061,9.64290718179234,-1.88809402150346,9.25787280806532,-2.96917517682471,3.18220352580522,5.93409910050822,-4.77377770588589,3.02017601839884,-1.2423205236475,-3.52406857812091,-0.3251652722864,-1.44329354335527,-1.86461684313455,-0.031306665059043,-0.729630785889733,-0.987610672149304,1,pop
pop.00037.au,103.359375,51,0.451667677845683,0.240985170006752,3236.41320521214,2953.59626161183,6698.77616008369,0.164824778081463,4.82112258521708,64.4952153298595,-2.50561441393826,10.4214436095511,3.24557166385374,7.82490968263987,3.10371206066573,1.4051706206702,6.74528620869809,4.88602938731521,3.27597314370274,1.75335166467763,3.3361320912219,2.3523072095307,1.42884460791062,-0.604925500496608,-2.18569090722188,-1.60239350700995,-0.612145884292386,-4.05012585108495,1,pop
pop.00036.au,99.3840144230769,46,0.39444088254311,0.256610900163651,2944.36795354441,3162.39303367145,6877.68341158935,0.115115328100813,-44.1848572513663,76.1758072601772,22.9210345231496,16.8143898759742,22.997485235138,3.26882652262998,6.91342532183394,0.10560335528879,6.49677069438607,6.54149576590197,0.855912105025736,2.72638764037065,4.51788940018973,2.85629026283339,1.32272290014519,1.79912078148917,0.376890296396453,-1.12387440622085,-0.438590579705685,1.5700714013967,1,pop
pop.00007.au,129.19921875,63,0.251576559470658,0.084313929080963,1968.42051216062,2326.83576028799,4127.15004368832,0.082344929131192,-224.42964765921,107.307477562849,-1.56765238906993,13.8696264014552,8.12500876371068,-9.37460342232683,8.12318237330772,9.29253125102344,9.09950357850508,6.02683461773105,-6.65141029700475,2.07180834546967,6.19872230305058,8.33352162296487,7.58019195087197,2.06862431192443,4.55736125601759,1.22265912514605,-1.63957282626688,-3.71276637058638,1,pop
pop.00023.au,103.359375,48,0.393404336804218,0.210741922259331,3759.75367878882,3293.73361273325,7855.04416828923,0.17767428466041,-44.2575000871715,51.3296712355584,24.9897874702637,12.1567150976719,10.8678192085648,7.60852798765374,8.21171752839142,-0.770473012195578,5.94914545103169,4.76219637248689,-2.50804710593417,1.32199929974952,-1.94737502030227,-0.448469269973763,0.233977109912018,-2.00598782071421,-1.9668605258487,-1.03637028628856,0.514916085218219,-0.384857928363108,1,pop
pop.00004.au,107.666015625,52,0.384337732867931,0.211233928799629,2753.1754730446,2861.39425001794,5986.14713592057,0.123763046028444,-20.8813649689681,83.2387776447216,5.04418219382602,16.3717784533318,9.40846768829154,-0.560448207670588,4.05264105353028,6.2076816598036,9.12180512888908,5.86531367082073,-3.50568360424019,-0.637433190320483,-3.17267481830099,1.54483823536398,-0.921805266921529,-2.96145863084332,-1.32916581936742,-0.867001617146072,0.697109593641944,-1.76489786312506,1,pop
pop.00003.au,92.28515625,45,0.40998741758997,0.129400864243507,1837.12324385283,2066.88987403942,3670.89446927003,0.085351713670666,-125.88904975513,126.625201695642,-23.1908125443422,36.2300573497542,20.9637841914891,-1.17952402584742,16.4893632724675,-3.6680608166322,6.52249531144687,9.33733169299189,-6.40822232819654,3.88352457665465,-7.945908868014,2.05394920805418,-2.33793879964636,-1.48333070185556,4.75372138467914,-3.51464209488205,4.894724459948,-3.20146991737632,1,pop
pop.00090.au,103.359375,51,0.353223447506543,0.19417467713356,3603.26386195862,3333.93779947606,7958.8185407798,0.147559954285991,-44.7193569409568,55.0524989773773,27.1479031347344,19.5199346376139,14.6979850182998,3.19084243066403,5.50285354601781,1.42507716532961,4.49959265653996,1.37394799228465,-1.65846164409563,-3.52324403009135,-7.91357624571592,-3.53541828206605,-8.20388918108082,-3.39538504529886,-2.66163203219867,4.29232734493551,1.35714901039948,-0.172958610808863,1,pop
pop.00027.au,83.3543346774194,40,0.377453911238844,0.157971486449242,2682.72734012206,2924.21504071141,5957.30564365446,0.101914727650929,-75.3408886070032,83.3352183335851,10.7037592462921,14.458482522036,14.2443269931297,7.40465419218451,5.27730859923103,-0.398119707687573,5.7286644347811,3.3630383685756,-2.52377765215551,-4.22931619863702,-1.84191256174518,-5.90204576925693,-1.27052708279467,-3.78323513227702,-2.86759553784319,-0.934220936256226,-1.11041834603787,-2.71497468122727,1,pop
pop.00026.au,75.9995404411765,36,0.334941062005789,0.195700034499168,2525.97154817162,2848.66807876144,5554.55807901388,0.103542079866486,-73.3397687789113,97.4644631571892,16.8712329628339,-0.572976412166244,7.18889332161592,4.8766188987292,0.749484048262287,-5.54615260796742,0.998751527862966,4.92574287236278,-5.82950150011938,-4.91773846932283,-0.026355639721677,-3.04383990848862,-0.159194266079729,-2.38294518246964,0.721218137845802,0.683256818752543,1.96933376843388,0.805738333655592,1,pop
pop.00067.au,112.34714673913,56,0.447460701869576,0.191517293453217,3889.6249691875,3271.61442213767,8056.98461384965,0.191042306622485,-52.5179344047489,37.4889070662048,14.1162794190055,18.1803913481819,16.7812044413711,5.96124038336304,6.44328161710538,2.72016627258731,-0.436264380874549,3.22290612689941,-3.92914812644864,1.60180630799287,0.297403039792422,-0.161641666823043,-0.509791564735566,-1.54598039355941,2.07482837328776,1.22062036491458,4.58101169128797,1.63731227541057,1,pop
pop.00006.au,92.28515625,42,0.374628812151535,0.093982718884945,2125.26770509099,2673.8019455345,4978.81156047431,0.0676953578512,-169.12222119912,94.6483148180825,24.508247521822,27.4209044294432,11.6443431246805,14.9089390154221,4.23987141341282,12.3598240716526,10.6968771585942,5.12988819970995,-0.332674758537743,1.25453253326769,-4.15250124774018,-3.12818154496062,0.295032237335877,-3.55159397987952,-2.80636826121437,-5.75684053284922,-5.21461839782337,-0.096053089517008,1,pop
pop.00013.au,143.5546875,69,0.356269672451161,0.173117056488991,2149.83515786705,2917.44675652826,5223.14341636634,0.051659173640673,-161.638301800327,85.5678868530875,53.2880455520932,32.2182759825715,27.1929613155837,11.3054976011566,7.90415416994958,8.76830478862616,1.26087021733597,13.2119865824637,0.074571970985949,4.82423903221866,3.0931491038697,2.34441187555433,3.68332802830109,-2.86911270230311,-2.61386442599408,-3.14756553212255,-1.18771894053855,-1.47690954214223,1,pop
pop.00032.au,95.703125,47,0.426655384678242,0.097938276827335,4225.66202283199,3404.260171955,8483.15703684331,0.228736712098491,-113.14121467133,41.5877285455347,21.5181947771781,11.0924234711759,17.4411295649771,0.607630015646555,3.02874964144782,0.084071439140419,3.45690957019035,0.29126202306734,0.616375694513302,1.25665183272544,2.89610552586074,-0.767988705237549,0.222326868069695,-1.40711237252413,-0.760795311337961,-0.870708744512304,-1.53956511748291,1.06827277013973,1,pop
pop.00072.au,117.453835227273,54,0.480738271699468,0.234553068876266,2569.17543322792,2559.46015057412,5351.72597217855,0.131656422334559,9.69989580538615,88.8265040533739,-20.2950414773419,5.107098823622,-2.91488791973525,-0.188422403447543,0.328302323923489,1.60700355177615,-2.26010675445139,-0.939693589895085,-6.20867076552334,-2.97309203311193,-1.81372210898622,-0.322956233188837,-1.34546178488716,-1.6789597486857,-0.183631298086101,1.7191614175198,-0.128783565828842,-3.89976216419265,1,pop
pop.00002.au,83.3543346774194,41,0.417829752178839,0.215215042233467,3213.61416129475,3269.6752700349,7424.09677416917,0.118868517801858,-59.5936707639019,62.9809723096666,31.137546156175,16.9362754031739,8.89695005128246,10.8024649422968,10.564232839661,5.17170121889169,5.40976342848348,6.15984375832271,2.27472602226237,4.25208270512323,4.12202221455876,5.72872996222721,5.06474935530782,5.66953351847508,1.41435019608318,2.81774574879906,-1.4015128793325,-3.37499205052876,1,pop
pop.00097.au,99.3840144230769,46,0.466947297245705,0.204265579581261,3510.0385397134,3310.26346211179,7587.27912076117,0.137248225256385,-125.510940233789,51.1960327459992,38.5140518455542,14.4891959074542,16.2302355837613,4.63931684008979,12.3040129215166,1.17099437107927,1.72511276732445,9.77132748217603,-2.82146066816465,2.0816167844431,0.857126436358432,-0.500784415977186,1.34306436585942,-0.862455003218215,0.484692991133039,4.13004869869049,1.75083723375564,8.23601144957243,1,pop
pop.00048.au,129.19921875,62,0.465028392426513,0.156534507870674,4052.82014313976,3426.20497146373,8382.19931398752,0.210714523268189,-52.6280874874355,47.775918549617,13.4562901883587,2.22104626409874,13.2575739828285,9.13544132539961,14.4446270380901,0.872624403008093,9.46150863330367,7.00698573102103,-0.689854443278534,1.72895759127183,8.49365316499401,6.92149306240704,3.17839814601045,2.26785904260509,-0.896561830253807,2.03833848533093,2.28647404841824,3.47241836190835,1,pop
pop.00046.au,117.453835227273,57,0.414945558282348,0.203451737761497,2838.01809511928,3045.76149455861,6485.69411522833,0.122180289159249,-72.1488596113182,81.308909260072,16.7272497387392,8.68073325005645,14.1645655199921,-1.04510472865837,12.8456022755594,-0.527690424717681,3.1435022455442,3.15387968824316,-3.47577684761777,-1.14235980109422,-0.688300941115914,-4.00155605395246,-1.08997110856621,1.77961128469052,3.49501025729973,5.90798027515556,6.34457925406683,2.44530641266272,1,pop
pop.00015.au,103.359375,49,0.386799524891207,0.196201220154762,3207.17861480418,3125.90490581821,7019.81588546706,0.141583799946788,-45.726347286116,65.275569622656,12.9437545971376,14.5173205443499,7.01848810085007,4.40821977380857,6.61342083564798,3.29613316061207,7.73369639925869,4.0573482130563,3.6549737299813,2.60380374173424,4.05709715371356,2.39994766537943,1.78780261315062,-2.37334159687051,-1.3447806632028,-2.87142428106423,-0.842738860404624,-2.59819787108708,1,pop
pop.00033.au,99.3840144230769,47,0.422916562268767,0.139985367655754,2835.0319449895,2731.74381490059,5944.98905146454,0.137062663264319,-68.9723313396897,73.7707951929495,-12.4685032690975,9.53778393723637,-0.042953340671888,12.7193529006893,3.16400919077263,-0.084577586931106,2.52276925421949,2.87591225194501,-1.67181859487691,-3.02606428595865,1.60946820801066,1.0853350675433,0.936584140483595,-0.411383155810163,-1.2341902924187,-0.756845671333914,-1.70727414267522,-1.0463048832942,1,pop
pop.00062.au,161.4990234375,79,0.329643211590983,0.398011863231659,2468.52467052592,2625.13515849673,5481.7085195252,0.098208778782895,-6.910643015767,68.8696647228794,3.76672315321858,28.205854109484,2.29524015566304,13.618962791283,1.03828359051745,6.00947636300382,2.75950020048858,15.0268623835141,-8.78501300350619,0.795705176641206,-7.22657159684665,2.92042271007726,0.55821407325915,11.3735250111603,11.4899941710676,14.1836515500231,-0.920825207949076,0.812344822362103,1,pop
pop.00068.au,129.19921875,63,0.407387400684869,0.24575836956501,3262.94593699652,2931.01387647714,6714.76773005152,0.155056507594814,-29.2325365335416,53.8670841270233,-1.69942657913324,15.5058046815933,1.08897776931406,0.544301962707095,4.90130229552753,-3.22362180669871,-1.69179626827035,2.23391011439866,-7.1219187638231,-5.98936438367229,-2.98083702081315,-3.79703783854146,-4.89441161306362,-6.72374143415196,-0.418447783428418,-4.01247494912742,4.37980391239768,4.46116412640656,1,pop
pop.00020.au,107.666015625,53,0.412301994989389,0.248175770044327,3487.40679694469,3132.20599300393,7444.02998696909,0.179749857899574,13.5607014208551,58.1947796859629,-2.20487903533224,5.01128037869052,8.07484360036096,-0.481763019704702,4.10010557885787,2.25502887896895,4.29470842998756,3.59183569795584,-0.504307229427006,2.41747951858198,1.87671536107567,2.17273911995472,1.94147576741933,-0.1741864448394,-0.617565235884022,0.752135823514386,0.734160981377555,2.02503934251745,1,pop
pop.00056.au,89.1029094827586,44,0.472957892314932,0.250021725893021,3681.04399841887,3221.52526513462,7565.82925046561,0.145624213912539,-80.4147123278656,35.9559224638151,20.3904573371725,26.3796864740003,17.3837055374563,4.59624485972338,13.50485404719,3.62371021834002,7.32031225029574,5.47934983293852,3.96114716236828,5.32369185368841,3.54523483949737,0.516380510153196,0.18786989139307,-1.12446842933164,3.5269411323174,1.44339440665186,0.481279594887028,-1.79469529114193,1,pop
pop.00074.au,83.3543346774194,40,0.349400802236078,0.210437223315239,3419.36844711938,3368.73950728766,7789.12790020922,0.130848037200077,-93.6151514125588,59.6889292217224,32.0797140275532,13.1247751387083,13.2661248485046,-6.87056415087258,2.33717787740991,-7.89636627558678,2.28589862533231,4.48469404963825,-4.0398447213178,2.67455530831931,-3.08562375545494,-5.75163450874337,-1.51893782176084,-1.18884769916869,-3.05128541054009,-1.08578242416042,2.38974111454893,4.76180733821329,1,pop
pop.00044.au,117.453835227273,58,0.456100272322109,0.22287629544735,3143.57103214567,3016.42264923386,6689.35121707503,0.135637501814048,-47.9119410504452,54.158337227567,-4.00472141850563,21.5131728642953,13.8873279788165,6.00333883764039,13.7550857101436,1.06827655812225,6.72431632703127,6.23425465265951,1.6247381591521,0.456173961159161,2.41806049004836,-5.59456138405594,0.307423818567656,-1.00271367196177,0.641714221114646,1.26016369710961,2.08280451269306,3.03432457466615,1,pop
pop.00017.au,107.666015625,54,0.435313578444111,0.143145129084587,2789.18156211043,2795.46579556614,6112.29637311339,0.126229773364938,-53.0950183828523,78.3076037224171,2.24825088012932,18.8382005048181,3.86614187715866,2.51526246022744,-3.79922444482969,6.8143499440388,-0.80894112764834,8.75564549285904,-4.79981551782426,-2.15132878333653,1.28561394737081,-1.74500216305414,-1.94181697991501,-1.58869986088719,2.63027302070666,2.42976858300124,4.02507496879874,3.91806348437489,1,pop
pop.00053.au,161.4990234375,75,0.277333643266904,0.172237575054169,2639.30663075207,2753.40962299413,5625.53264984036,0.107000864696207,-145.911247086323,62.5610952817456,-23.1078809594029,-18.7684605873873,-14.7647370950598,-28.4245464185452,3.15734737019119,-24.9475374251123,-13.6281012105957,-4.61479236017671,-24.3871990295123,-15.8052271890531,-17.4654212113384,-11.6996545530708,-8.26259131887218,-13.8401366697641,-9.89805155163943,-11.9756980190423,-5.02752244368587,-2.89967586733652,1,pop
pop.00092.au,107.666015625,54,0.473437842354017,0.227165535092354,3271.28700437803,2989.79539905102,6883.42504353715,0.14535890939435,-25.9171157104182,60.867466989329,6.05936277546552,17.7080572938162,5.12730492995199,10.4263813465289,2.45053613726553,4.92403069980807,8.11338900755886,3.85087383592964,-0.187819715616156,7.25713368779016,4.95240852936255,0.926779883379898,-2.28666294865732,1.55709092578934,0.222647247856357,1.92968740096456,2.37388361746408,5.43361142419997,1,pop
pop.00016.au,107.666015625,34,0.388642593229021,0.14660781621933,3490.33858143332,3205.79537779546,7499.37965227723,0.153415927946014,-96.9815958031458,51.7869137903415,18.739200288239,20.4835176616671,5.6113814789039,3.57445935150813,5.5730461269298,0.734769183376521,7.33527679740251,1.65589940326502,-2.70078369493552,-0.442759756645813,-1.08116461416053,-3.45390339513304,-2.48118157163245,-3.307195847864,-2.23145598258256,-2.64164430527274,-2.74185119328978,0.306848573270922,1,pop
pop.00095.au,103.359375,51,0.365712449906196,0.303920149803162,3046.14881689348,3306.48061377483,7384.64701271648,0.10639353654702,-36.6227233607705,73.0821714298967,39.1335043421657,20.3418205692934,12.5046057852326,2.15009332057168,11.7399134738983,-2.42438006235357,6.65270507411848,3.17970259675515,-5.39114770359934,-3.15538664955183,-5.77464711253238,-7.68101022017785,-7.607765856128,-6.85021571641985,-6.11224029482316,-1.56493366118283,2.13332243327831,-1.56220690851695,1,pop
pop.00005.au,172.265625,81,0.323284637297915,0.139581069350243,2289.82252447119,2435.75871902221,4746.42129903976,0.106780533451045,-113.616519592155,90.0295681853142,-5.53582687829546,25.5955765600078,2.61661245592736,3.18580868424573,1.13490419570325,6.13838144205449,2.80269222313407,-1.86576149440254,-7.1304511263291,-3.44116090187949,-5.91232809294067,-4.3431377167977,-4.94628904696992,-4.37662244717782,-3.31348892438293,-5.44146959984694,-0.570559409846405,-2.17770391871349,1,pop
pop.00077.au,112.34714673913,54,0.444621935531752,0.231090277433395,4037.05945831624,3342.38592750251,8331.39128788337,0.213925766132933,-34.1784985006273,40.3986191522387,17.5068006628872,13.4207335777245,13.2430410008168,7.45186483387119,18.1872321328579,2.72870595949531,4.34048217748171,5.82450250002999,-1.12652226791577,3.10892561541746,2.4122656829906,-2.09241176068699,-1.28677293040624,0.154497271297159,2.34042852933453,4.33539640125924,2.1429618239024,2.93899282264587,1,pop
pop.00047.au,112.34714673913,53,0.433487158224616,0.215936884284019,3150.24743904818,3220.16707754985,7292.22257159443,0.127355238970588,-45.0550285032464,69.765293562481,11.8741726964363,8.19966172929989,12.6148311488847,7.75206636541538,11.3029680252037,0.246545597932063,9.65988738521749,2.81109787584113,3.85766760045277,-0.837509668958955,2.12158753244943,1.12696925057286,0.00748969440665,0.762866139109733,-1.47688193437374,3.65436798333214,4.45374409068808,4.20200183677298,1,pop
pop.00071.au,112.34714673913,56,0.447460701869576,0.191517293453217,3889.6249691875,3271.61442213767,8056.98461384965,0.191042306622485,-52.5179344047489,37.4889070662048,14.1162794190055,18.1803913481819,16.7812044413711,5.96124038336304,6.44328161710538,2.72016627258731,-0.436264380874549,3.22290612689941,-3.92914812644864,1.60180630799287,0.297403039792422,-0.161641666823043,-0.509791564735566,-1.54598039355941,2.07482837328776,1.22062036491458,4.58101169128797,1.63731227541057,1,pop
pop.00034.au,95.703125,47,0.34076292397929,0.187547519803047,3141.51251529231,3230.48677929798,7236.93957254983,0.131055518938661,-59.6066781017904,77.3058605869292,26.3909974345986,3.17196326172938,6.75511971951978,-0.057231573766892,-0.618301037495696,-0.693163154008893,4.14245566211561,-0.432851653736607,-4.53968721614977,-3.56452325656191,-2.20715592919164,-3.56862870045119,0.253641396926355,-4.67211483562783,-4.59261898216184,-3.73191225790757,-1.37997248305551,-0.844145056804003,1,pop
pop.00087.au,103.359375,50,0.352268230599635,0.190992206335068,3587.40342787647,3336.23827751608,7946.97694571764,0.146478328173375,-47.0284238740983,55.7793437234059,27.6193112048669,19.1978565015494,15.1888348457773,3.17494935422626,5.62566710402018,1.6106680465397,4.1492587031404,1.62291812304008,-1.58376782674287,-3.00337734354742,-7.63712996567924,-3.84412017482259,-8.11639924992089,-3.36999078114598,-2.27028042040357,4.50553847181584,1.43767344817313,-0.385947126890563,1,pop
pop.00019.au,92.28515625,46,0.376549245381923,0.21102711558342,3131.11810956461,2944.84851178432,6552.61871054446,0.156053478134675,-25.1264172052278,70.814152982039,2.93819797284011,7.54991932008551,1.45532210325174,2.83998667154996,1.90379991836233,-6.82594635047132,0.295380150741089,-1.95213403048203,-6.65138827541692,-0.246652681040664,-0.757771453593571,-4.25563532328966,-2.44216889326538,-5.67986174793216,-1.57442209892947,0.670057941210439,1.69028144663865,0.787277239926024,1,pop
pop.00061.au,95.703125,48,0.45551324315309,0.220844000577927,2949.22395258163,2908.89737079202,6067.77997563129,0.111951326069079,-65.1576942737662,65.4730936857109,4.12491779500927,32.7412087909076,16.9185221302143,-5.83612687714794,14.9616581992987,-0.246208687088746,9.03530393069396,8.44004401450258,-6.57447520396011,-4.48325117153605,-2.63012207956382,3.4530145312456,1.60088090498802,-0.696369942094705,3.20588641416467,1.04761843797193,-1.16804908247303,-4.7210699075498,1,pop
pop.00076.au,215.33203125,109,0.475725552470478,0.245390951633453,3544.05794314448,3311.29435439547,7780.46128594838,0.142819242211687,-38.2662516299573,47.7987004041543,20.0505960569507,23.8460117528694,19.7962434127386,13.6651934763015,14.6858512835981,4.5727081765442,7.71296474089469,8.95625686125171,5.42314001825492,1.14926119547769,1.08445926900752,4.39089204895211,4.58698010623438,2.54648264352635,-0.250951110189965,4.62496962471634,3.01294411882306,-1.30672038912784,1,pop
pop.00035.au,107.666015625,47,0.412095440854917,0.282645225524902,3194.109243756,3052.84021890882,6993.49104464977,0.159379988631966,24.4908487248351,68.9628389828675,-4.21127763473091,-1.02935681051891,5.2533444276614,2.98924229470539,4.33764883307539,4.28351525544304,6.41913333862505,3.62852280940424,0.108143643820471,-0.008605362832484,2.0691383264645,1.55277841644654,4.00085484865667,2.81799498750311,2.20169296358388,1.57757896273116,-0.471415258300053,0.527109059922256,1,pop
pop.00073.au,129.19921875,63,0.423459303185749,0.2598737180233,3671.16431266111,3295.56330037008,7879.03568988245,0.161897358141447,-8.50843611219332,54.2508705516541,20.9679839242512,13.1060763021039,9.72539089614734,6.01166176218278,10.7184101925422,6.10382877198684,0.69793671721814,5.00348376923626,-3.45176381934171,0.871043785257402,-1.94001722455836,-2.78489944661876,-2.67506286141679,-3.31728222493623,1.70588603070497,-0.149544337194277,4.84644547078857,2.90900809741922,1,pop
pop.00030.au,95.703125,48,0.357725481780696,0.203197792172432,3070.5832512519,2975.86183559539,6652.93477061363,0.148739841331269,-18.1419412055341,72.2970202439918,-4.86436042395641,-0.357580853670498,1.69969622718344,-0.917456745462946,-1.32275383779151,-0.342442381957069,0.647843579678295,-0.179872606549345,-1.21619775897677,-1.05677456628972,2.52051223739411,1.24787061462004,1.75488066582592,-3.44115562507801,0.39609589951582,-0.851832024697126,0.924257949288495,1.66056217999859,1,pop
pop.00079.au,112.34714673913,53,0.351970834277156,0.037580467760563,1995.153380264,2424.96947838209,4383.26516166191,0.072550959631386,-273.261024966413,103.148373328541,8.72417014886866,31.7022225059899,12.5165838482498,3.49020855986438,3.93891436407741,-0.159552594251961,-3.91599146091288,3.23799096537926,-6.36943133146947,-1.53507950119202,-3.2154070617695,-6.77948746590378,-3.81740363349932,-6.23734418213086,-5.61431469943461,-4.01694433857498,-2.39041047572135,-3.08447571720255,1,pop
pop.00041.au,107.666015625,52,0.28232051867464,0.08332809060812,2053.69426840624,2559.46498530032,4506.67274876645,0.075365757425503,-204.740370725268,101.610419428888,26.3824115911538,9.18302329592939,10.4627177200632,5.11336643674906,-9.44591270619502,9.31132609146516,-12.4867941649658,-2.49176545703895,6.21354958275513,-9.49398292415779,-2.55729911608078,-9.05002597532179,-10.1898984580638,-4.04420048172757,-7.7521265516232,-5.13580068275816,-1.83505720567362,-4.42798502628983,1,pop
pop.00059.au,89.1029094827586,44,0.475360933358869,0.251932263374329,3727.46603743631,3223.79198847512,7633.16217664595,0.144787484278251,-77.9301603717839,32.3516644887551,20.0762844893846,27.6341443276733,16.2630791847227,5.32134256367088,13.4837650083458,3.50221840764694,7.34021033792092,5.26912807901439,4.00257504866744,5.27429133756497,3.75536327479981,0.783557495941805,0.399157865866834,-0.716445046955054,3.06402530190279,1.40627141047877,0.547048734300476,-1.90145373733029,1,pop
pop.00011.au,184.5703125,85,0.225703181957774,0.055817354470492,2200.48738474991,2579.63804408719,4626.72202284491,0.087125323505225,-240.65075862131,97.1259129846574,0.416789752915735,-0.262949445047093,-10.4749522335292,-15.7368101580022,1.39634478764518,-17.8741420833824,-9.0885784247695,-8.7648972910614,-14.2646845275347,-5.50878712768838,-8.37357186090833,-9.31673345574879,-3.17016581537355,1.7608278282756,1.58259953252783,5.62329892247954,4.95994823203232,3.72781326671331,1,pop
pop.00050.au,143.5546875,69,0.413964560561039,0.208398565649986,3046.37243018583,3095.35902154291,6630.56823919432,0.118658012649961,-78.1686988513207,65.9821373444957,24.572761993918,25.6505718295152,13.8554463100307,3.60499347451977,16.228767831152,0.595951294080587,3.32832385033721,4.16230891548522,2.71243280803652,3.65022430257684,1.39810787577807,2.01223120751402,-1.80597074614197,-3.95311304333473,-0.948682361144088,-1.01368043067326,-0.465233275115398,-0.75406293933461,1,pop
pop.00064.au,129.19921875,57,0.346523560658151,0.169149935245514,3647.81501449434,2886.66483153991,7112.74865684864,0.205950001814048,-88.4235662073047,34.3361253681444,-11.2797114413855,2.20033162161913,-4.85783361256425,-6.12640235325695,0.333286750216851,2.43754449535315,-8.18430109296949,5.63467352677123,-9.39324401471379,-7.35953399307602,-3.94813920696281,2.37655654488917,1.238861850646,10.8062443482929,9.38640952806746,5.29131161144569,-2.93808467253657,-5.5726013577083,1,pop
pop.00060.au,129.19921875,61,0.390383501002805,0.273671209812164,3498.33767831492,3295.49699757011,7664.58698662442,0.136022231158088,-46.673186189166,55.8758428528162,26.1181546998009,16.5446371584188,7.10583321583301,-3.33078314408376,9.25273073134808,-0.871179143730588,8.314912311095,7.15145635240761,-0.532946379791199,1.76018129847641,-1.82506416389947,5.20873164369591,-3.10758098136437,-0.867701622318772,-3.86474965528838,-2.34795392085792,-0.225690211449214,2.21695301483365,1,pop
pop.00086.au,129.19921875,65,0.387726498259082,0.132528811693192,3594.15247390958,3170.85435046428,7634.40383580447,0.18523244001548,-50.4214434453456,56.4137223714219,12.5627345907359,11.2895351546599,-2.73763556923353,1.36493253641141,4.53949874909751,-0.963282658038967,2.2895380634639,2.73916888059293,-1.98675979079715,2.59737678057749,-4.018104504813,0.685570782427319,-1.39487632556821,3.32345558470206,3.02351158331825,2.62707298903392,2.07544758411579,1.36068043569608,1,pop
pop.00058.au,99.3840144230769,48,0.339969385062102,0.167455703020096,2940.01540788502,2629.44489868395,5750.59856025058,0.145754220684985,-87.6932367758883,64.3128827193774,-12.9732421849242,16.0337961858951,0.48386609778025,0.403707816402377,4.42979863630128,-2.72375981785722,-0.309070806032511,-0.046231400507574,-5.92500405161885,-4.26814291543911,-3.5114515434331,-4.63414965144274,-4.09450467958427,-3.31610810036557,0.215877674627913,2.70548232375501,2.48940169756227,0.217493238311043,1,pop
pop.00083.au,123.046875,61,0.298155803901727,0.143023043870926,2489.44432675457,2941.87623328104,5976.73052619485,0.084295786571208,-104.452159994167,86.8592173557609,28.7606022040709,26.6257324994678,8.91739680109088,5.67090623968843,7.75861742502842,0.465446036667526,6.63358413977525,6.56974724936863,0.381364985353231,2.15619953380831,-0.013158166257064,-0.359525820683459,1.31618220191635,1.3236933226274,1.94321518931571,1.2301692907321,-0.11795416927893,0.842299885994295,1,pop
pop.00057.au,103.359375,51,0.51846000781803,0.329432427883148,3672.65578602978,3279.75579851962,7783.66126659854,0.154064450101587,-39.6737993223436,33.9442400590562,9.61438674046936,16.6711611679528,14.9074825090844,11.1851904255703,21.4851207865866,9.87782699443369,14.7356001913521,15.6374401605789,2.05053962765856,2.58913084899009,0.356041253973644,1.64002850307655,6.93536669737805,8.24666170456842,9.37736912899591,6.96677017890945,1.49170299404446,-1.13094345789093,1,pop
pop.00089.au,99.3840144230769,47,0.437182940526267,0.2205920368433,3401.02278189151,3070.29276394659,7052.24902268165,0.16573822682856,-47.650489775461,55.5413127862001,19.1808088402961,24.4834689835942,4.03919800789792,1.54364297300409,6.96741289412945,-1.04560925724089,3.08190722551261,1.79197146746542,-3.03885195228437,1.93213156516727,-4.6788111131845,-2.51955707096006,-0.861675746538145,-2.28660264573794,-1.69128383312384,-3.2305204640652,2.61475734198835,1.89435372526815,1,pop
pop.00018.au,123.046875,60,0.409979976450973,0.207528084516525,3433.78719008775,3405.60541436352,7932.2603680401,0.127734677341331,-48.9444375949728,62.6430590612856,34.2373264026215,12.3139987776104,16.558784597216,8.61721541683852,8.76408530149124,5.23704381747486,6.79280743799761,9.06549096382295,-4.08444683716509,-0.746042330763591,-0.379075993343993,-0.47839935552314,0.647579997507215,1.71345442026288,1.35302905841246,1.90966320777584,3.84985091015364,1.61337418052685,1,pop
pop.00069.au,107.666015625,53,0.496900239566071,0.215645954012871,2327.90873258152,2516.79786200608,4930.62851849724,0.095499422528057,-30.1853987226458,88.4483832713367,-6.58505858276579,32.7908111745835,8.50577050016674,8.38901789956038,2.04123529485821,6.86368242896485,3.57772757667189,2.72152552710796,1.29440786182593,3.29037135008355,1.56679209295616,2.37651828268522,2.52564144136078,1.09819406424023,-1.57687468482601,-0.263686730625098,0.112964283324078,0.419798420109539,1,pop
pop.00031.au,95.703125,46,0.366029515323165,0.198457911610603,3111.03211889032,2992.18316726812,6745.19254607682,0.152910262069466,-18.8241110709136,71.3281079725525,-3.7447875076894,-1.39847661998545,0.709351908440466,-1.04873793591827,-1.05032944989689,-0.24798686270886,0.623990658347308,0.428642832296436,-1.48955114212878,-1.07831847407771,2.41678792045665,1.24966282526133,0.973585634886421,-3.58866404402832,0.891566348413886,-0.496659614687276,0.708363184146122,1.67112320084964,1,pop
pop.00025.au,151.999080882353,74,0.330303634054132,0.189702287316322,2928.60076666706,3201.01132237148,6817.10044459293,0.105740857198142,-106.806397401027,81.0151509498018,47.8240496277789,13.6393390933306,13.0046656017267,6.90117067078131,7.58806994455003,-2.63035977528788,-2.49874037208571,1.87037201486648,-5.14055601915332,-2.74238853652376,-3.6690668706571,-7.88260107682148,-4.80400290016674,-6.3771915005426,-7.39584224541588,-4.7378744702233,-0.135728090823515,-2.33378886481275,1,pop
pop.00080.au,112.34714673913,54,0.433606796592709,0.215816468000412,3151.43689841514,3220.47737081237,7293.26423196232,0.127597489962268,-44.9714693145513,69.7564277791951,11.856244940794,8.14897873659881,12.6413992151978,7.80338261988672,11.3018642798289,0.187610833270572,9.63965388472482,2.84080729934448,3.85664550127084,-0.840131650745082,2.13608154443146,1.09157895589268,-0.065219012713039,0.661127346149251,-1.46820555024513,3.72337667102776,4.53807434654833,4.25789891548635,1,pop
pop.00021.au,99.3840144230769,50,0.504524739672329,0.193554893136025,3502.00701315086,3026.9516669149,7199.44813258877,0.187017765576625,-23.2611852730772,53.7894030913734,-0.652524237145522,14.7555643695743,4.8674307581031,6.7294300339835,4.85543072028665,4.94424349606414,4.26154910679567,3.11560013952988,2.55262335711791,2.98606007549434,4.63566812210484,2.85099138212209,2.17862508207469,1.0694162016139,-0.467915470114806,0.386565427229871,-1.17559311267508,0.549779045282213,1,pop
pop.00008.au,172.265625,82,0.403854233583006,0.195515394210815,2885.06767249568,3009.82145100549,6430.41111618373,0.121303877225232,-52.50200875434,74.0299145957318,12.758995647637,24.4918715573623,21.0993862969929,1.90991683210791,6.79622922598143,4.72858944239479,8.40805192500198,8.24512656499613,-2.26852567997159,-1.20778598796358,-2.69110324780764,0.26120300502333,-1.05964353669814,-0.842507917465645,-1.24928160185614,-2.32370008791471,3.80995778162373,0.30675164352032,1,pop
pop.00084.au,99.3840144230769,46,0.409124461640679,0.179449647665024,3262.54549807531,3046.90228781132,6828.04204509723,0.13586614744582,-112.386253893001,59.7458311057586,14.4929165912616,19.1997912056778,15.1292211333553,-3.21173091494462,6.10944086991401,-6.6701359516734,1.46365210097549,-1.1740008339031,-1.20880005341096,-0.74070256027217,1.88087151128903,-0.701747366346145,-2.30087129972213,-3.49209664173836,-3.89406008439437,-3.38605666357728,-2.42449692668267,-2.08777668758088,1,pop
pop.00093.au,135.999177631579,61,0.415235227179093,0.245844691991806,3258.80895258113,3144.2000756101,7268.70604712897,0.131662469161184,-20.2025091276283,57.7747627464651,16.7809637355234,18.2558661632671,8.96517646413226,14.9094310569248,2.67502418386621,3.75378199187852,1.11554595286621,1.84665078359816,-5.98087977673935,-3.61287363851895,-3.65388815268354,0.908388425766965,-0.475935416440503,-0.402298197428342,-4.61782844622019,1.96784156091703,1.5704633188498,0.544526790665902,1,pop
pop.00054.au,129.19921875,61,0.390383501002805,0.273671209812164,3498.33767831492,3295.49699757011,7664.58698662442,0.136022231158088,-46.673186189166,55.8758428528162,26.1181546998009,16.5446371584188,7.10583321583301,-3.33078314408376,9.25273073134808,-0.871179143730588,8.314912311095,7.15145635240761,-0.532946379791199,1.76018129847641,-1.82506416389947,5.20873164369591,-3.10758098136437,-0.867701622318772,-3.86474965528838,-2.34795392085792,-0.225690211449214,2.21695301483365,1,pop
pop.00066.au,80.74951171875,39,0.354089231484946,0.24333743751049,2843.99463339476,3219.12301573361,6839.30864363632,0.099746562379064,-63.6113652571029,79.0443258545898,42.7439074873525,16.0963888736578,15.2690868807894,10.7918191778757,13.3167817627414,3.6849917278665,4.92591820018872,10.6773138099284,-0.014186027314673,3.47720902906764,3.42109719255259,-2.44802383273933,0.854855234162617,-5.11814777060027,-4.29775193394539,-1.56348303699653,-0.060394596559938,2.66035966895875,1,pop
pop.00043.au,135.999177631579,64,0.473440012792365,0.254338085651398,2703.26481387106,2725.94961280493,5776.09007277356,0.103297183388158,-50.8647698736044,68.0377514147297,12.0807428889771,36.3164872710221,8.64935623734868,19.5044847635338,10.7229924345238,12.3133190280997,1.66060025595423,10.1626944717797,4.83710112079528,1.69654510391529,2.73372238302329,3.16846894961708,2.46294063257267,1.41612703164409,1.05752071187959,1.89754835079417,2.26861970612364,2.42742877166562,1,pop
pop.00000.au,89.1029094827586,43,0.389655192437478,0.185918629169464,3421.99160968728,3409.82029526571,7953.28524090557,0.126766807154605,-94.5294769220739,55.6504654423801,29.2705892067957,27.0637955093268,20.0725248388986,1.17075879181594,12.950006862036,-0.795763374512914,8.88004534290934,-0.675967799247022,-5.34066065207732,2.21748503598124,-4.61874024413998,-0.988773098382605,-1.49268261169499,3.13189845142924,2.524273294725,4.10938125675956,9.17621182169016,4.73311061582607,1,pop
pop.00051.au,112.34714673913,53,0.44705123626467,0.213234439492226,4156.04795271881,3451.25476984247,8676.40586829407,0.230045094209559,-14.1432757025247,44.3895800827626,12.6821714038935,10.1528037454678,11.2598193013748,3.97651490596125,12.5092335294167,-2.17146981027182,10.704417544421,2.28454285716241,5.03259906588394,-0.866477277498901,3.80672881190201,1.66447508314422,1.50523727607269,-0.191123890264104,-1.0223295846156,4.78041695869766,4.86411419176074,3.0551938817378,1,pop
pop.00085.au,117.453835227273,55,0.443711056976819,0.195364728569984,2516.61074622646,2465.67310932583,5087.46923676954,0.122096011513158,-81.7706376719701,78.5958358777646,-17.2579176582164,24.5081833568061,8.40040830456588,2.13684848535786,5.51344383974493,1.93616803462737,8.80309368210025,-0.123115725039009,0.498382473648447,4.65812346731445,2.40710992972576,5.51688199255438,0.622459841434629,-1.80006557291893,2.31644030534247,7.8572510350232,5.02096182271023,-3.32479244224007,1,pop
pop.00001.au,107.666015625,53,0.412941359316613,0.262413710355759,3702.98786872814,3431.80584086544,8073.09284977869,0.149476420399574,-59.1976839585744,45.2519733475742,36.8377337321777,15.6817403804554,15.6435352948055,1.68202501861745,7.30788064096149,8.83331033122102,5.84840596715761,8.01832024253033,-2.2576290734283,1.90945735274133,-0.920844479840434,0.032961030256587,0.087092734413944,-0.832902417642404,5.58145452681083,3.83030837733884,5.57799756303454,4.92180378625966,1,pop
pop.00091.au,117.453835227273,57,0.424472554458979,0.265421897172928,3696.22514014422,3246.69511161075,7871.03573825706,0.166830056961107,-8.38462364307562,41.9981519749888,8.29531628068516,17.9769787431345,14.0451814521293,7.34452539238033,5.72131040870735,-1.9028036753351,4.60353606328479,2.07544888685327,-1.06535421266591,-0.656881304410285,-2.42978120237319,-1.47231921205189,-3.76297739395557,-1.65840714937256,-2.37902153993317,0.052522090800593,-0.989721029920796,-2.60174200820335,1,pop
pop.00082.au,129.19921875,59,0.462111455286262,0.208017736673355,3168.24099077588,3341.5531171788,7555.26264769374,0.100339151388351,-62.0154205374254,64.2398663696751,29.8766196603539,23.252533012627,16.2558389240308,7.44500532667625,8.87582238671285,6.41055767515228,7.39927310470345,3.02279327849102,1.48997627201525,2.9731340942825,1.85514653628198,0.540501377824035,-0.330382013227629,0.814297105206807,1.29721301737717,1.18500894483278,0.861764187125561,0.099745757142158,1,pop
pop.00029.au,161.4990234375,79,0.354725851494747,0.234200328588486,2988.833126785,3143.05598443971,6919.44149241728,0.11157037599168,-40.4973547344766,73.4763318118792,22.6234377831675,12.352274242874,14.8592248946628,8.94351964671496,5.30540991832229,9.02626675966296,2.08730798550299,4.30064999615438,-3.13557773430733,1.84310419658936,2.03226088807919,1.3930872939985,4.1213226217836,-0.356494992050766,-0.752612184764806,1.15718325859507,0.7379470520648,-0.044848767199618,1,pop
pop.00081.au,143.5546875,70,0.369947695397395,0.092211835086346,2246.86402161966,2684.3638151974,5155.58549154654,0.086017242526122,-137.706948997555,100.248817026495,14.3838097310363,15.406433499556,2.32080617539268,-1.0800146682811,-2.10634351165741,-1.68648732129829,-5.31050880428899,-1.78469158746356,1.74985992169242,-6.18271639753319,-3.03414909775058,-9.78268395439875,-6.66556851182753,-3.96784973162125,-10.1790550952257,-2.96974009324623,-3.57294307379162,-0.649254549783669,1,pop
pop.00010.au,107.666015625,52,0.377997994591422,0.18406355381012,1901.30676526107,2420.84576946395,4192.11631751282,0.066217286667957,-111.107972505898,103.111003393759,10.8967255962459,34.3448490588147,22.3389971044199,17.8763356431344,6.80719114690656,6.33671037422433,5.48563589822342,0.621968607858168,0.333477243996168,3.81839809792884,2.03973061992598,-5.52505274377503,1.20786934697782,0.400201395876474,0.331008534223276,1.67511804968071,-4.05587189560619,-6.40256075973669,1,pop
pop.00096.au,92.28515625,43,0.339956536607039,0.251243323087692,3126.53364290778,3162.74373830769,6931.23308778178,0.105345545907508,-59.0991757174259,60.9767725931393,27.7455948004087,23.8739610953091,12.2984075242804,7.37133308704932,12.3291052030758,7.16345737113257,13.4325467134994,2.49693208619428,-1.95646648285187,-2.40319581253899,-4.51348699623733,3.4680005432106,2.02616308370446,3.71955220631933,2.48937304497725,1.27635865529725,3.13191319818956,1.64761166654257,1,pop
pop.00039.au,83.3543346774194,39,0.384183322924247,0.279797196388245,3934.49143249238,3509.57867705512,8525.19011600837,0.187178006482198,-19.4516765862776,51.9216437648827,37.0092718267217,13.1196770703744,14.5925594842218,3.20628396327983,15.2912475887174,-0.784598301800986,7.2422643548996,10.3956024910869,-0.373085284760757,6.23135415119519,-1.19015462931316,-2.12435510754912,-1.56746455515407,-0.764391311544526,0.032104053752532,2.83284060530824,0.821504084908807,1.86353210766812,1,pop
pop.00088.au,99.3840144230769,49,0.43141663503737,0.235033959150314,3510.79523680058,3148.74293739345,7257.12278383804,0.17203410712558,-42.6595028112307,54.8910978674576,17.0677663107492,19.7675032759254,6.85551838615549,2.78095989747522,11.8187270074789,1.20424348296215,7.93846501316231,1.13800601193958,-4.07464963017457,0.133128712141637,-4.23750455687806,-4.45626389303741,-2.51246669959839,-2.89195828623254,0.620919489699596,0.900093146233055,2.30935930372271,1.92641431939831,1,pop
pop.00052.au,103.359375,50,0.522647273341559,0.321614742279053,3662.94957036547,3276.42515848544,7776.82797458519,0.156007371081656,-39.9928141670919,35.5594414417691,8.92472634169715,15.0849565951323,15.2254979043864,10.5795815449526,21.8357688680366,10.0175322033992,13.9824779782876,16.5762222231817,1.46701003852564,3.26995581416633,0.070456494497939,0.960737403547254,7.64505508341361,7.63192373873899,9.40900988779205,6.59060722176218,1.17971708507633,-0.646148747243804,1,pop
pop.00042.au,92.28515625,45,0.379610572369897,0.223497420549393,3002.6749378321,2972.79646045466,6446.044354985,0.143747808025348,-37.0512780925811,68.8359872073391,10.5155150679247,23.9660072650369,15.3730439827345,3.54597781599524,11.6728924446893,2.91412337649358,2.55612829697814,4.76016179552518,-1.58247004689093,2.57158417732019,-1.01550980374547,-1.6614754861368,0.491462116884981,-2.82966924472818,-3.41946143745534,-4.10639367795222,-4.21618006860503,1.09739928826622,1,pop
pop.00012.au,99.3840144230769,48,0.385689133812107,0.16421389579773,2679.30293782605,2661.80985353522,5533.83320433437,0.125934234713622,-50.8348169712034,80.2202450867093,-9.29716906903855,20.2971609461669,12.1118996129728,6.79079923212079,6.28470548542521,3.43493245291169,-3.95733063931374,2.57397139127564,-5.70843599116544,0.481314053805466,-0.577153333797799,-0.587279986805726,-3.39601148974746,-6.794487872685,-5.52693553237725,-1.63231726624614,-1.60559997983921,-1.4991671628072,1,pop
pop.00038.au,92.28515625,46,0.400378211404889,0.221886575222015,3267.38191355285,3014.38539521194,6921.09148244002,0.146523301446401,-15.6716967706591,59.2717709499842,-1.56967419860867,12.565997281618,8.75646454650499,3.97674840667597,2.05363114052621,4.22569380108568,4.98707706195556,2.90705059134437,2.3297365851514,1.98815194456306,1.71881558687601,-1.54885307708838,-0.614748188008924,0.298278653244754,0.003478003991105,2.75896586042371,2.28922089194448,0.052968973595858,1,pop
pop.00049.au,58.7269176136364,28,0.32257415592232,0.147505313158035,1987.88617925956,2579.98041973508,4265.43254084631,0.066140189628483,-170.896153163604,105.923370665026,31.0597259446543,22.2263127550983,12.8145440596244,-5.16786837155315,11.2361558790504,-2.10526659267808,-0.171760073135544,5.07920566619084,-11.5418320737541,-3.62505398238689,1.39087906619427,-6.63655269298272,-2.43174414981092,-7.37835361802134,-2.55452165706007,-1.71282847568361,-6.13788787230242,5.06674963288743,1,pop
pop.00045.au,117.453835227273,55,0.412824335813393,0.202349632978439,2842.62164799107,3039.10509977924,6479.24415423036,0.124989418053406,-71.588056226403,81.119429991726,16.3539449164526,8.94875033013108,13.815711404741,-0.739810096825054,12.5203843817734,-0.641730605767746,3.04024685261858,3.0531105888889,-3.21137891058581,-1.31661652074432,-0.6377142601476,-4.00335879945021,-0.944199773793377,1.91662394249009,3.53026539857624,5.98714004044395,6.09128435424933,2.57087019410722,1,pop
pop.00055.au,103.359375,51,0.432739977616604,0.240931034088135,3940.22726292293,3361.58307182732,8259.35839012312,0.167398836590557,-56.0595128809063,36.4752185695848,11.9561334132556,-6.43102827160349,3.78720542068548,5.2935795473826,3.40543628484827,4.2764565023578,8.0018499547722,5.86677493165043,1.59611835807258,4.86084766594976,0.495567736684182,2.51170977169131,0.278645443183914,-2.59230092894688,-1.42763512004676,-1.86815159881956,-5.38961551821086,-4.31429894607613,1,pop
pop.00070.au,123.046875,60,0.43711725899932,0.167840868234634,3141.22314014682,2999.78509345851,6823.46707276147,0.136443997315209,-91.891726655743,56.6740537514423,13.8034220828942,15.0580410740462,0.898541768161096,-4.07457151486828,-0.219691622666922,0.554131901776638,-4.61574749120098,-2.61909223936778,-2.75231770134279,-3.08343414759787,1.80260488409641,-0.956984230062273,1.39431673411803,0.910691722475179,1.06372121422026,0.908558685113728,3.3060412175114,0.236088105147588,1,pop
pop.00065.au,117.453835227273,56,0.345657971898987,0.133542343974113,2518.60560454438,2683.90830297242,5496.14176558267,0.100143385376354,-111.586508776863,85.5774448030273,3.51431428534702,16.3640234836475,2.21379245236164,5.97894714633715,-5.0494047979381,-3.95906461179648,-0.089980987094052,1.57535091977681,-5.79484921487189,-5.08745110750824,-0.210607557829938,-4.41385176028615,-0.773094266404949,1.56254400890908,0.366293721219161,0.576817000752441,-0.69031353802333,-1.81370128150515,1,pop
pop.00075.au,95.703125,46,0.409441700856861,0.185675859451294,3645.44648838169,3200.70654167671,7658.52035664183,0.159240533692918,-68.8400793089452,40.4512975118552,25.3525685832712,35.7708682863043,13.3889903702624,2.8279923893834,12.7610826413763,4.48210877653171,3.35752441037953,10.0296379048064,-2.37432314785753,2.99757012545003,-1.80079630493274,-3.38339166708011,-1.55339910057219,-1.6645626746047,-3.52096079084672,1.37890790426133,2.030344730893,1.50584917358938,1,pop
pop.00098.au,117.453835227273,55,0.399895137883875,0.213083267211914,3634.05058380216,3134.24972439026,7534.6877721072,0.183105846676664,-26.902569657798,46.7107072654942,8.70175985531545,8.60063953991726,6.09037590256253,12.4285801370575,6.95739398226237,2.5036067913228,1.16002786142658,7.25974777115478,-3.12895906242727,1.25373147243403,3.83670920448912,4.6903957876747,1.71455325787477,-0.980312770113391,-1.30012368128623,-2.68725476026521,-1.26986051410069,-2.48529643428426,1,pop
pop.00022.au,103.359375,49,0.38687745751849,0.196151584386826,3206.27441048456,3126.23243318382,7019.59922011054,0.141539204600426,-45.6989061286791,65.2781421867347,12.9323021298537,14.5198433986669,7.04383818214891,4.4012167594245,6.63751863262959,3.30491155271785,7.73346461536716,4.07184849930919,3.67206536637279,2.60929650939145,4.04715107833067,2.38574587214977,1.77772823007008,-2.39971818510062,-1.34685283965414,-2.87183688098278,-0.843267129753893,-2.58987624428612,1,pop
pop.00040.au,129.19921875,61,0.292246454459386,0.199324265122414,1962.32558367298,2325.32914754898,3821.21856028081,0.095811212025929,-76.8984306642381,113.285753600573,-6.22145856240151,19.950336520696,15.1179737629742,-3.28809218841586,4.79222251125222,1.01845440723377,2.29499394428041,-0.008487426007208,-3.76249416855668,4.24344644568265,2.29217233720656,-2.91745108759771,4.51738894449345,3.41732589895206,-0.542400255350293,-0.557600461104805,0.637496022085468,-2.00349969041595,1,pop
pop.00094.au,151.999080882353,75,0.333195897535658,0.198670357465744,2806.24738833504,2857.71495509636,6101.77977003918,0.12854835344911,-42.2376996137963,82.1814528838874,-2.25205976701725,19.9135295666347,13.8620058460015,0.867935485954344,7.92374131387737,-0.716034982061912,6.87768343339718,-1.90787540208027,-4.68905298766985,-3.16999813614279,-2.94946855946105,3.59414801252315,-0.082775769561096,1.58250727183488,0.848486089683917,-1.22616916388907,2.54590422291129,0.78471793146215,1,pop
pop.00014.au,117.453835227273,53,0.425849047874016,0.078058570623398,1997.77666375306,2291.11153407876,4139.07497157992,0.088061069925503,-135.302991044849,107.831700230824,-13.4518219857821,19.0257699870996,8.79464259014684,12.4970474600789,1.02868602226375,11.3199238271298,2.54225964020087,1.22697959131044,-6.38940917279266,5.85789690634549,2.88274693063501,1.02598421513836,-1.77399612846417,-0.499376084478554,-1.07588334064407,-0.162500833294148,-0.894431321803981,-2.13814557632408,1,pop
pop.00063.au,80.74951171875,40,0.316733564184333,0.126168563961983,1826.51180148897,2294.43882918057,3796.29371099797,0.074646562983746,-125.950956947096,117.335112749684,-0.073296940928714,10.2068305323634,4.4866508273617,2.18949551131408,-3.63228044589494,3.37838031542255,1.73985480047121,4.55360556078764,0.845572036777134,2.42462409226414,-3.11330081925388,-2.83542881696234,-6.10410953206218,-5.26415013302357,-1.81265847571679,-3.21719029128477,1.26554410678154,5.80061391894303,1,pop
pop.00028.au,99.3840144230769,50,0.349356642881889,0.19466008245945,2946.43903166429,3051.59169645404,6655.70142055075,0.121269863825464,-45.6218756144259,74.7071449442264,15.9908463828741,14.8046714538894,8.9901105291618,8.20090918085037,5.68739300045226,5.25588310891295,5.39085717493714,2.43554609816864,0.78387304586899,1.18046562699599,-2.36131424519853,-2.95249554857798,-2.59806124805452,-2.70549870412516,-1.5054045203766,1.56247032445614,1.61822784030448,-0.006258110385126,1,pop
classical.00091.au,92.28515625,44,0.223738305975989,0.044745713472366,2192.79809116433,1911.98603670643,4066.46707729658,0.152437853739358,-251.313450085153,88.7251524866431,-41.767191920514,37.9197842317315,-12.0239732825872,21.6378511601813,-5.85414496669602,25.7257306975367,-5.19648245886771,14.300962722203,-7.56134484037389,10.4695011021515,-4.92115833858217,5.28319203552516,0.307726989653527,3.31973285338054,1.26133259714523,4.76706296490104,-2.07630312257229,1.12896695915099,2,classical
classical.00037.au,161.4990234375,65,0.284173045523942,0.041551377624273,1534.06497758152,1464.71072291018,2838.22450431139,0.093952190765286,-275.346266104002,125.311286403001,-41.0436707569123,24.5905402206312,-4.76796278435423,-4.26632234072087,-14.9994605339666,-5.0511277474934,-4.99153785750251,2.46848064153515,-10.8864191755991,-8.02030175878499,-5.15505971983253,-4.61842690112019,0.71493493441025,6.51770314009837,5.90655300641476,2.68381330011591,-2.03203493117168,-8.0603856828109,2,classical
classical.00071.au,143.5546875,69,0.208112887639623,0.05170526728034,1396.82426482872,1574.21875830108,2615.05918709486,0.075857062088816,-269.665355233372,136.483867594195,-25.0126003212954,26.3906776568022,0.675732212509041,-5.38154512359884,-1.12089773860533,-1.51078472646491,-0.155944993459528,-3.77925828312203,-9.27979019643517,-3.14681914797588,1.64097760339807,0.676200734291082,1.89846068876777,2.23127673130134,-2.12831703832943,-3.6637085987552,-1.07411987051636,3.53019039556561,2,classical
classical.00056.au,95.703125,43,0.312899540895955,0.189936608076096,1680.08826444134,1706.91981591132,3077.80638892584,0.096725794553019,-81.1037422137375,129.102790995406,-42.5385388519015,33.1780594318779,5.65930758947075,-6.40216611984534,-2.26505996290758,7.37270403795333,-18.7186411947715,2.50088252095025,3.78601601836898,1.93463839826175,-10.0664931436688,0.944549983932661,-3.5732058360595,-6.16834895024384,-8.03339085067424,3.7758747095572,-5.02960859470954,-0.853512484045605,2,classical
classical.00047.au,123.046875,62,0.25857228884109,0.00949774030596,1173.6583080519,1517.28538449701,2082.50407404944,0.066325373693886,-436.837164766863,154.145967414294,-19.8818515938807,20.1942162991269,3.15922291262448,0.444808069598612,-6.53602879371764,-4.60562205766055,-10.0603370694023,-6.15264699356477,-4.53268777309932,-2.78327479199304,-5.23496321151416,-7.38691821295769,-6.9927917929404,-3.20048992045148,-0.358716479068117,2.21781699559457,2.56861835298859,4.47145954526802,2,classical
classical.00078.au,67.9995888157895,24,0.22521197942745,0.00663295853883,715.189320477818,1029.99154525374,1037.2853943438,0.041293401098104,-552.064063309403,173.398703232225,26.3557665906034,14.1146139845472,7.25255500602154,-7.08765538283556,-5.85601047615409,-10.340173081763,-11.0186177800471,-9.1936391006427,-8.82601635920058,-4.92920709956532,-3.65046980943478,-4.28085595641334,-3.45749657126925,-4.82061550351285,-5.68252902009299,-6.55056282497831,-8.21096581163649,-6.45384124303232,2,classical
classical.00019.au,95.703125,47,0.28401762281793,0.007993123494089,1184.6321420613,1525.04473737838,2289.45282265867,0.057591488486842,-475.849066430486,141.520582669544,-8.48103975199628,33.9966765277896,0.530630254996035,6.04552191323425,0.025261497453829,9.5345004487013,2.16182933055355,7.08584351609782,-8.05120353105754,-0.101292674442119,0.793869650865733,3.87330857909309,5.31376301023333,4.6708205594936,6.86861327893346,5.39176681001389,1.04728542497106,-6.49212811300336,2,classical
classical.00017.au,89.1029094827586,43,0.25639496826749,0.037378150969744,1358.89790273986,1417.88743263464,2417.59371447489,0.081115533692918,-311.539396839302,148.683278907282,-33.4811177403213,10.3268158139656,-12.8620152162005,1.2177203079934,-12.8992952741387,0.798094591251605,-9.72586900153938,2.04969502697829,-5.10888360977285,6.74524127669757,4.60556985057216,3.76483171530949,1.27532903358836,1.24359976215418,-0.089598791546144,1.51176244515474,0.387477432444108,-3.0039546897976,2,classical
classical.00006.au,99.3840144230769,47,0.26148929787684,0.033231887966395,1372.82580669226,1579.30988681789,2737.93344409104,0.072923217395511,-295.702887699421,134.535093696826,-22.4471838301823,40.7415270869859,-5.87705865724394,9.2670682747168,-11.8649389294715,6.29362288096197,-8.86072087582927,4.4008596123619,-9.37381667312499,4.06237039266465,1.62809156829929,5.13856987763237,5.44281645859097,2.28507817003441,-1.81666790892929,-2.92323017810283,0.135034899502027,3.19743635890569,2,classical
classical.00098.au,184.5703125,94,0.289978726610145,0.02910896204412,1953.04853415665,1865.84875843681,3780.62713906492,0.123492450536958,-287.495305415993,101.736140136012,-35.3727433111932,41.2844885718438,-12.747253930065,17.2884858137782,-13.9784594307838,16.3123035916615,-5.60077648697138,13.664307319082,-8.79164044197665,-0.054942140310134,-13.7711158483954,6.47997469275977,6.70573502852552,6.98497839276003,7.03337949356688,8.39260954979096,-5.60779909325226,1.37889097575714,2,classical
classical.00097.au,103.359375,50,0.222324061137037,0.036727085709572,1494.11574448369,1670.92444773489,2780.84151796512,0.085921249153444,-280.695057877543,122.728624591857,-14.3893630704986,26.8558357050473,1.3561696635265,5.99009916075284,-13.104041468025,3.37450052784406,-11.5453397638479,5.19952457592453,-1.04874679126015,2.75391231266778,0.057280496695594,1.35247347370469,1.51210870032868,-2.21783544716256,0.780848535352882,-3.96554361418663,-9.13927054780041,-6.93095490947384,2,classical
classical.00079.au,143.5546875,62,0.217626991193226,0.018847767263651,789.601607036597,897.994318932802,1158.45132833664,0.052112307710913,-437.557283382966,171.027122593145,7.37899730136106,-3.12903147137481,0.791053815621902,-11.1404006217876,-12.5251701250954,-6.89489237100088,-5.84110385422527,-8.44666120385219,-8.47093507223851,-8.33027544754365,-7.37357659269379,-6.73335081424135,-6.08633223234266,-7.05751922438856,-6.64979807459481,-4.29258793277034,-4.40568241473603,-4.91736648061743,2,classical
classical.00081.au,151.999080882353,65,0.266903699983723,0.016525525599718,1213.87230646792,1539.55698031503,2163.52858410531,0.060558968653251,-374.741091391381,153.855657897039,-21.5747377609624,20.8465030043222,7.0062533635484,-3.94914272510832,-2.52230490259809,-2.80880481977851,-4.28417582520711,-4.50685797403911,-5.76722289125823,-4.26254700828798,-3.84305293164302,-4.57805078816874,-3.63475761805405,-2.29248457180381,-3.13609429224506,-0.222148403600355,2.63109667088455,1.81915849429716,2,classical
classical.00096.au,135.999177631579,66,0.293142442593126,0.057000208646059,1932.85834345479,1740.35503840622,3573.0617275179,0.11752045339106,-203.587157566231,111.198330429713,-51.5269404303096,39.4759519456897,-10.5464410430027,11.8943800752628,-13.1803620495292,15.112908613125,-7.28582778077316,13.3690715807718,-7.30133971268281,3.83654644495201,-3.77312695593293,5.29151576605118,4.11148812863784,6.63901266164003,2.99322693594768,3.5397485677746,-3.36138640028646,-3.68238427724937,2,classical
classical.00028.au,161.4990234375,76,0.262947190422846,0.062616817653179,1313.69889269988,1371.04997320243,2397.05217202012,0.081097771139706,-228.917146566242,153.983120705357,-30.6888155709269,20.8063967615461,-6.08567274653708,1.17441905989134,-10.7872979011948,-3.88758427236159,-11.5984857039118,0.88362441306714,-8.28228508201999,-0.724534357635645,-3.10980468059989,-3.43793526457079,-2.62902920063393,0.719195070793661,-1.97360597893246,-2.51351262617216,1.57147535322812,-1.48486668072501,2,classical
classical.00025.au,129.19921875,65,0.297342448405229,0.064123116433621,1184.08038731579,1304.60380357988,2139.17873134554,0.068293993687113,-221.262897063651,173.337074830488,-37.4621767622777,24.364593443985,-8.68842122873492,3.38808322953356,-12.8412128139641,1.08314184437217,-15.3285805957304,0.424990750015518,-9.62242032274869,2.29809765732148,-4.48263447365404,0.364165775021686,-1.48753415209892,1.81183279349533,0.22852911104573,-0.966710709769852,-0.487611877576194,-6.26611380482599,2,classical
classical.00035.au,151.999080882353,74,0.319262861613075,0.040597800165415,1016.27941019856,1151.88164821525,1823.68063911934,0.061154959002516,-319.77555858843,166.009619100101,-11.9330876219499,27.2541368946807,7.82889200391306,1.73061164545549,-7.85690066877206,-2.40476098566544,-2.90730728953086,-2.52171475008705,-11.3674820389957,-4.60842496356057,-4.49262045657724,-7.45220908269828,-5.58248489576148,-1.8696912346831,-1.28004900379196,-1.42675238927149,-0.48702489131618,-4.09660137197489,2,classical
classical.00041.au,123.046875,55,0.268212987241463,0.021300973370671,1329.25189410999,1415.54289115847,2462.12677852288,0.078816983721943,-368.440892040239,124.276259952522,-31.5786919129563,17.6147659989954,2.32381212901001,-5.95169510680117,-11.8085496488852,-5.5487536356484,-5.40648631529609,-1.30452433370549,-8.43232233940447,-3.6182034140453,2.20368478351814,-0.047955861157737,0.237254781489544,2.50961079741644,3.0935107693742,4.83678610569977,6.21756917699646,8.72684842465868,2,classical
classical.00036.au,107.666015625,48,0.239282395496908,0.016010107472539,1281.77084625752,1502.89572602226,2440.36024347547,0.059410449521091,-419.228896683643,127.448348154531,-3.79273517709216,23.1940707154542,-4.33806413381233,4.04050179373798,-8.20241713218278,-7.61656838477216,-7.08009902729581,-2.92444675016195,-7.41477608771846,-5.43900648316436,-9.09989023473932,-10.616878169806,-5.73767459935215,-0.392486599791793,7.02756663449721,5.5939738240945,-3.46912029883369,-5.16621258343784,2,classical
classical.00043.au,129.19921875,55,0.190956713636372,0.115407556295395,1063.15330552564,1552.08903962618,1610.94859214759,0.051040885618228,-249.533809669255,161.6055887839,10.1345904704218,-3.07930874775367,-0.601394897563673,-2.07670290748965,-12.1903709419758,-8.60326870140352,-14.638803045532,-12.0511895135187,-12.3064658570247,-7.17568207144628,-7.88932225356037,-2.08210029252985,-2.90861355906045,-0.859944471485352,-3.97287756681171,-0.883545258438613,-3.98747539115047,-3.8852248390086,2,classical
classical.00089.au,99.3840144230769,45,0.217319908736556,0.035139497369528,2423.39287133759,1884.7000072017,4296.62401890238,0.166686444828754,-301.912209790543,57.52900998655,-59.1326520039819,33.5653470188939,-20.8848683355923,17.7419663007162,-0.643481489970429,49.0188874106412,19.1292072440186,27.0863791124818,-17.6449464704633,-0.273833717172532,-3.74934852083147,18.1616634291185,9.95983406678675,11.6090251866175,11.2792664454734,15.3792572084504,-7.41104534333451,-5.85382125671907,2,classical
classical.00024.au,151.999080882353,75,0.253349533774154,0.066695652902126,1253.17411593984,1371.52823407416,2292.91113508006,0.071647714904218,-223.132936470919,163.240338933833,-34.4047148537059,24.1704971526549,-10.2891886463458,3.22783353421682,-12.8669453368056,0.795775178449095,-14.2743512458738,1.66201863567891,-10.1407871971137,0.24663780566154,-4.54033543871908,0.110148013293205,-2.86647186688225,1.34881249021818,-0.336784034857775,-1.05947297597919,-1.09479099767318,-8.06008890566291,2,classical
classical.00044.au,80.74951171875,39,0.252113218617699,0.017931727692485,1181.0215862992,1411.59264140768,2031.99604613124,0.071705537683824,-402.215538739422,154.039103464731,-15.219432077637,15.3002298899851,-3.08847726701942,-3.19023248267597,-9.78720355454681,-17.3186901370879,-12.3077781084681,-7.90788262122134,-7.08866703580656,-0.284824815553768,1.55231394996518,-1.47211551702972,-1.74163493134266,1.85198560684115,5.03428546011353,-0.745425005183885,-0.13665892390279,-2.85892164925677,2,classical
classical.00000.au,95.703125,45,0.252391077244206,0.036254890263081,1505.29901180158,1558.95284909369,2717.00857062089,0.098245059742647,-268.155963160345,135.68958144374,-34.0706330459624,25.6308321416021,-12.9695141158772,17.8919469906209,-9.9964845131708,5.62805261889044,-14.1424172262659,7.49835267932515,-3.96159994602389,8.26125604024406,-1.35293376592701,-0.382257281773747,1.03176353432049,3.80718698548688,-0.30379678556235,1.77855654439864,0.890327524478674,-0.837884127740255,2,classical
classical.00083.au,117.453835227273,46,0.244665822785067,0.041897475719452,852.912297300356,997.141996523424,1401.28319329891,0.050792965726587,-338.825721229825,190.198076849242,-16.3295745886448,3.69167901118014,-0.438978858437821,-8.8917561296511,-10.3860742970271,-16.3704592613167,-13.2874871768538,-10.7884233582352,-8.64504039399885,-8.28463014843163,-4.61912511698092,-3.79757354537191,-4.5461305678102,-3.65722868442045,-0.94370378465755,0.542290503756849,-0.262845561854097,-1.56035213483859,2,classical
classical.00062.au,89.1029094827586,18,0.320224727028851,0.038956139236689,1474.80338354524,1813.3164588526,2809.94134200247,0.074046037514512,-305.396502770682,135.925737408842,-11.7558766381468,18.2228919384057,10.3882402492475,3.01672684676877,-5.59554190443262,0.145116438371837,-1.34889700561056,-1.86790533951302,-3.20713605818036,-6.74036385136336,-2.69286992049916,-5.59552721161362,-4.52192397989065,-4.78302632089718,-5.37030903470488,-2.62215100194351,-5.83681021793681,-6.92883466648399,2,classical
classical.00046.au,129.19921875,37,0.346797522562029,0.115125246345997,1878.64457434236,1964.91200781398,3633.98635911499,0.111613081704721,-85.243461695124,118.428897554304,-31.4746360857523,20.2841214708886,-4.42111027479888,6.92297169654142,-10.9544630413096,-1.62436820017193,-7.37024146382948,-3.01511714879666,-4.43337657753324,-1.40367399971776,-4.24736707339542,-4.16893331256426,-3.98202149751865,0.27539699811881,-3.39337999758191,1.69445129186985,-3.68552690628427,-3.43986221635044,2,classical
classical.00055.au,78.3025568181818,40,0.18656374696908,0.013055687770248,1079.44898137221,1388.55589769746,1764.67266259917,0.059341288941564,-484.02804931477,144.17664780735,1.39930886353104,8.10326146207585,4.93198897533235,-2.32256006346586,-2.74742634912307,-6.83703023119525,-10.1406593263709,-8.057536506028,-7.15266413547977,-10.5658084292688,-7.789401599591,-2.95717599583389,-0.261427982668709,4.30127246620777,5.29661258526916,0.18579686882046,-4.53011786668542,-1.87241002290998,2,classical
classical.00094.au,184.5703125,88,0.369008339914855,0.013995526358485,1424.01374582171,1696.93857579823,2927.30729897325,0.070154904581076,-385.757685867156,128.638662572025,-26.7360251139437,39.483501975433,-2.17644609201553,16.7600046390823,-5.73148971619775,14.721900597321,-3.09211502217529,12.3053022195693,-5.89401998945962,2.7837795619555,3.67149596996404,10.9188036431984,10.5366462862937,9.91470746549195,6.10759758745161,3.53010120788361,-3.32001146551556,-3.67457067337369,2,classical
classical.00099.au,95.703125,45,0.333862600203514,0.010502625256777,1524.90676086906,1868.92191758474,3325.10489354562,0.080683185589203,-378.724476204606,126.494172693554,-18.8167472926659,42.8867538263629,-14.2946515350133,25.3439191267815,-14.6483607901757,18.6932727234278,-10.1930977642947,21.1129428727143,4.44790128508664,18.2263803840851,-10.2758310056651,8.9556472666398,1.21098139430734,6.2804814991434,2.53058414093335,4.38919471077267,1.70506099059293,9.9867259554951,2,classical
classical.00039.au,161.4990234375,73,0.270814856458725,0.012819476425648,1633.53475878172,1735.08124075993,3161.25588431816,0.108959280669505,-409.530147789894,116.798956148533,-16.165442111079,11.7033438224902,0.72953815199584,5.98451904834795,-4.26159818969055,0.499136633471359,0.435511767027227,12.6006816144718,-1.10797719784224,-1.14716292028697,4.97318246272333,1.7579825439619,-3.91009859350955,3.50599775230504,2.79935536821505,3.10199497611635,0.651257171601659,-0.245165094447132,2,classical
classical.00031.au,112.34714673913,51,0.303159347929576,0.026815004646778,822.263433991133,1136.14225288319,1433.44966545932,0.039457433363971,-374.032392911995,172.468915545474,6.43684384139315,20.1056384860911,5.90685308780952,1.56608828301289,-6.69841548359255,-1.19854061685751,-0.279774611090573,0.324508652812905,-6.54110258825043,-7.30739914281949,-7.32657717011232,-10.2168777187935,-6.14497781600218,-2.42723312644083,-2.67004707168396,-2.2851622287065,-1.15567606455615,-3.81417342796205,2,classical
classical.00076.au,172.265625,84,0.260483112459739,0.058851279318333,1340.27064281919,1538.93529085935,2521.98474990325,0.071713474143769,-238.582236331102,149.783936651434,-28.8700451407855,28.2592559852711,-0.797158128372859,-3.92791692641879,-2.14370241152225,-4.34273585753233,-4.18980553519042,-3.44362243172823,-5.77077326908817,-0.116470720051008,2.51827239519399,0.681765438724448,0.068461232246294,1.70527509540791,0.652180948823744,1.46841467079131,-1.83140731414578,-6.24463520557772,2,classical
classical.00023.au,95.703125,43,0.267155854659602,0.017132366076112,983.686386716601,1403.97560595759,1852.51379810251,0.044227245791409,-406.917757697399,163.08250273195,-2.36121871274696,32.3840323743153,7.98031746100033,9.60034544418648,-5.42017281998967,9.46626681648505,-3.04209645081718,10.1652655469622,-10.3424070950684,-5.42322501878244,-8.04179486780915,-2.09080747103825,0.399182252753312,3.3924225022229,3.50236536109694,7.38780122309208,6.44844037771489,0.184801096384511,2,classical
classical.00073.au,129.19921875,56,0.216328361594332,0.043831586837769,1211.29633521012,1337.76250515106,2104.70393980989,0.070939102409056,-306.752771292895,152.912481064001,-27.5905924944701,16.3181118720724,-3.15672977995538,-8.93361714068663,-5.42521311162896,-9.77588061455613,-7.10997169029704,0.293280621387446,0.87035429213791,5.41191204544634,8.19373341887878,4.19989150425626,2.05726020288306,3.03307492603426,-0.386669588763944,-2.81387671606063,-2.90407840962694,1.33380327010475,2,classical
classical.00040.au,117.453835227273,49,0.250586451740399,0.01974493265152,1396.69123865769,1525.34809551628,2652.72562599773,0.072643173737423,-358.633893927445,129.092553511918,-30.4031797290109,19.8871148236341,-10.3851486036645,-0.650722656937549,-10.6077668702655,1.54490355305497,-3.97498722177138,1.8642585129261,-8.84199678248937,-7.16808331171483,-8.2134919335798,-5.94011683907815,-0.113216685452104,4.28034511034146,8.96901749596306,12.8019879248083,14.686910239354,11.5113547889344,2,classical
classical.00054.au,95.703125,47,0.319468120772048,0.175421416759491,1712.44607588643,1607.53407699838,2833.45786646793,0.116278208446207,-106.191796115569,127.373625462433,-45.2914360076221,31.2716743441979,4.31193740166991,-5.0687692275568,-16.1189316555325,14.6873975282037,-7.90438914603479,-1.21978007957686,2.99050487582323,17.4610900612231,-4.07354766963351,1.78177321954006,0.598686877957089,4.61025774736396,-9.98409188793447,-3.34348886359169,-3.0997669392484,1.91128807820463,2,classical
classical.00069.au,69.8374155405405,32,0.23666580419065,0.029166620224714,1349.41592772744,1522.68430153984,2443.61855710623,0.079280321812113,-321.196846507013,136.305609588852,-28.3113781945036,31.0417608178904,0.560744692851609,0.223598152865751,0.656599767962759,-1.31852427313879,-0.04185105174412,-0.420781378361572,-6.19374788767326,-0.160919127592942,-0.481448583525625,-0.748258895430766,7.47855226812752,10.9806850032721,7.84262200030699,4.32903915466919,2.98821767938092,5.85614324253245,2,classical
classical.00086.au,99.3840144230769,47,0.31215769769166,0.031521458178759,1356.37303314178,1494.74248005174,2496.72656930268,0.076861213235294,-283.425193232684,159.582398158822,-29.5406387269748,18.5522195958806,-9.88820744742723,-3.42428100215447,-10.992089155125,-9.77555665680011,-8.29618517836429,-4.24724975743447,-2.86183270711164,-5.97432254129486,-4.02213852061344,-3.34846490752953,-3.38672090321612,-1.8592897240584,-0.442006038191112,1.89849685629975,-0.11611506822654,-2.8168767707157,2,classical
classical.00058.au,143.5546875,72,0.265696527673194,0.029998525977135,1137.95424032754,1480.52186643182,1821.18065423641,0.081868363607779,-349.977678600145,161.832926857511,-3.36980892436734,14.1921862495425,5.77528376655645,3.54168949475297,2.97859372523138,-7.10582070043018,-7.92154958130268,-0.3594619771727,2.83588772659605,-2.49597779836963,-6.77970133860316,-8.83205043215053,-6.67471788555736,-4.89966309917362,0.100756333616793,4.25992651887371,5.10045769810978,2.60898232651926,2,classical
classical.00082.au,117.453835227273,52,0.282797433491102,0.042976044118404,1415.07921028674,1448.74359059585,2489.501612991,0.087379290223491,-264.036862142296,142.147248448216,-51.3607243897125,5.03383875746258,-20.2625067971636,-17.1301098959671,-16.0682418483315,-20.3065441199745,-15.0355146809721,-9.73296764648144,-8.39536805666474,-11.7711655345805,-6.87854441742412,-4.60086978442121,-2.05157038480091,-2.37528836650796,0.964472967426838,3.02126688286704,1.37795701322327,5.55321222490324,2,classical
classical.00004.au,161.4990234375,80,0.223170800886016,0.042299889028072,1705.70461093714,1646.29297098714,3175.73913007329,0.112866664449497,-259.909976180195,118.939288947784,-35.6118513984963,31.9776363217814,-16.5292811260191,10.622128021267,-15.6512770934335,7.43539394420571,-5.8122905479214,8.26792974292141,-18.0127404189378,-1.19683286971709,-6.34726545464928,2.76145153678558,-2.59257365255377,4.38480667953844,-4.13689494731383,-4.77947400888386,-4.77236021429829,-4.60832248907136,2,classical
classical.00090.au,95.703125,45,0.215812677487755,0.023866184055805,2172.34094060768,1883.25856570822,4066.55041012602,0.151986231375774,-326.280927094482,85.9211929295363,-42.9876385076528,31.8415431207319,-19.5725061602906,9.99443250901125,-16.4593426354992,10.0035718901619,-8.59538758654126,25.5084643050258,6.53658642561455,16.3986173040527,3.50581089714091,9.58815851039957,5.92145316202081,9.28593201703809,9.96867632888657,9.20181102328065,2.80120081397191,-5.37981618329834,2,classical
classical.00066.au,135.999177631579,68,0.18703242600552,0.031731355935335,794.918486101678,1295.68945158444,1007.27724246565,0.045032229585913,-429.346237229561,175.154267281744,31.9037106271617,4.27001062344494,1.05218507589213,-5.77080925613692,-9.47931798048,-11.2820571706315,-10.5814290469735,-8.66284286860357,-6.33477917324138,-1.68082717138112,0.820965228605432,-0.185078362773848,0.031626073438928,0.206131952657401,-1.8470327366954,-4.42041695370501,-4.97325026643021,-4.60422745954434,2,classical
classical.00065.au,123.046875,55,0.207163260613125,0.02920288965106,828.7544422718,1325.83931578604,1013.48553825827,0.047511806428986,-421.721261225712,172.816316919556,28.0943629385334,-2.57436560289796,-3.57101493421247,-4.860743292326,-8.88990323115458,-10.7008269207678,-7.68922903438543,-7.96327118434616,-7.33699191902872,-2.72029924155234,-0.920769640362715,-4.21218620823645,-8.4208208397257,-8.39837817064346,-4.13144993784861,-0.419879213327319,0.085864875990429,-0.262021273877673,2,classical
classical.00033.au,143.5546875,28,0.303928026011873,0.012362544424832,1128.2640221625,1375.87308935506,2165.77023721701,0.054393095128677,-429.084303935459,120.754179807512,-1.68571941776331,17.9542717641306,7.73696167042129,-2.04543200336432,-3.94267764624813,-2.53632916249653,-0.583061809634755,-0.797120992325841,-9.05137724340802,-3.68585631897014,-0.977725603440771,-4.99831878320852,-3.81067002138413,-2.41442203222503,-1.89663084373989,-0.307219120067803,3.41963633014052,3.14561390078616,2,classical
classical.00016.au,99.3840144230769,35,0.219209088346595,0.008010743185878,1054.4895874737,1455.68458709902,1947.03822652622,0.047664488801277,-482.677632456299,154.865803931681,-5.02883356593981,29.7319053246784,-1.87184591293219,8.21909061575439,-4.7656243936244,9.65447342788284,-3.33042810049142,4.53955002423659,-10.0951971160655,-0.655760969959617,-2.4498682463107,-0.168453100691067,1.86222218720681,3.47976679460995,3.3888259402999,1.11577489718594,1.27701675089375,-0.666913992049757,2,classical
classical.00092.au,95.703125,45,0.181161139150826,0.084155142307282,1807.4611780311,1439.02656635677,3071.923091168,0.130958013859327,-299.671852990598,103.6690699852,-27.6482792636967,51.0204497545886,12.2916504462852,16.507968189694,-10.9357334629584,-0.898703337830318,3.83939938597616,12.9540792474109,-12.3958781511466,2.45528501668117,5.18369431663227,-0.733193783265376,-0.611028901138383,-1.19511930119322,5.91866379749654,9.80974199518905,-2.66704463813477,-3.08435047629718,2,classical
classical.00010.au,103.359375,50,0.245015087184765,0.0295126773417,1497.19663930326,1570.533625177,2868.1493233601,0.086216409878096,-315.012731853453,128.729617399893,-28.923032379154,30.8376034721102,-8.99513751421673,7.98052805765275,-9.84743916192446,1.4504841730042,-8.96462331068089,6.0521973179295,-3.32004920233903,7.60428276935434,3.79334400714085,2.93272982212449,1.83837163590538,5.20835057059604,1.07466743699778,0.142403653638088,-4.53604949289302,-2.30360529322445,2,classical
classical.00067.au,143.5546875,22,0.267353393999255,0.031687784940004,1118.22750658523,1702.17491959511,1993.67127787587,0.046355350836881,-413.575992589334,143.425234647004,31.3438367732303,14.0313391408606,1.52437624473215,-2.29103215703234,-6.47889030393358,-8.10293118395653,-5.92481866048326,-4.46289899850508,-2.78336113230996,-0.809472788990167,-1.20813988925458,-2.38084583229794,-3.81032656914791,-3.51540155798767,-2.71251744349156,-2.38578555595234,0.622823741428118,2.66757650435966,2,classical
classical.00002.au,99.3840144230769,49,0.27786522641235,0.043869055807591,1490.03481015127,1599.95910176382,2784.9164933243,0.090049720031927,-235.255815754495,141.128194860396,-34.6668532011911,30.9792352464002,-16.3779344799993,23.1119843042504,-11.0314450651834,7.63946597614843,-19.0082424299896,4.23564896939417,-11.8209157915057,8.90978326528908,-1.43387133788307,4.28102524258904,1.48214065057773,3.18797349790847,-1.30951798464734,2.92981844420306,-1.66100279858603,-2.89666574501295,2,classical
classical.00015.au,83.3543346774194,37,0.216583674652676,0.01143319439143,1371.56099896695,1562.1588995926,2620.28415550019,0.075752376402864,-449.537114597984,124.955459079803,-19.8716310883199,27.5145605398577,-5.76875651835911,2.20003555807359,-6.57534408981032,10.6088655967322,3.36580021659716,14.3986154168694,1.99193935529887,5.25387604677824,4.41505976662207,5.06134291731035,7.17878034363518,6.20167016155051,7.16236445794356,3.8378608347162,2.60199861398902,4.94006290066719,2,classical
classical.00070.au,161.4990234375,76,0.244239298477718,0.031917829066515,1355.79791756303,1615.50945744496,2522.40974733335,0.070855958542957,-321.183557095208,134.562139956966,-18.2523639960113,22.1907567680492,0.424091913908495,-3.80453916401063,0.493068804064594,-1.14453772259198,-1.89779315587765,-0.103112680838814,-2.75549605021457,0.596389706170057,2.49906125438727,0.309350058207733,1.67926894749855,2.88444942675531,2.08311131202477,1.15976868442792,-2.39285542014603,-3.40899493975682,2,classical
classical.00045.au,184.5703125,86,0.236279315242055,0.138628035783768,1175.77635010945,1502.58116482551,1901.21350362205,0.062295541674729,-170.871686870308,157.053336319572,-21.9722379408824,5.24821223137813,-4.09515095384381,-3.68595647129802,-8.81451737823475,-4.85591543160467,-7.88241636427972,-5.41149383540839,-9.36836421582506,-6.62059148705496,-7.81397721848224,-1.45816085411234,-3.59721250830493,-2.86274636996345,-3.91755816207127,0.202002670125171,-3.43517682119997,-0.832704438118154,2,classical
classical.00050.au,107.666015625,53,0.286158731514805,0.007970526814461,1170.07474833619,1595.53598459461,2360.21906141157,0.049492898002129,-449.595597107189,151.507777080571,-12.7479268653157,44.270620334407,6.2370757000101,4.04976591935414,-1.482332862135,-1.61964262570928,-2.49107856747556,-4.29078940493871,-9.65814325189272,-1.33999462524449,0.151404749573053,3.73301947689673,5.28601090776147,1.2054171612576,-2.30385775316742,-4.12312088904357,-1.81583568734332,1.23452898786996,2,classical
classical.00064.au,89.1029094827586,32,0.198925768762903,0.012563468888402,1118.1087949481,1944.7963016881,1873.61367051446,0.042299063951238,-498.729527564555,145.674891444581,46.5198449999402,15.262437380443,3.06098523786409,-0.831216992966391,-5.21512470628187,-6.2014494964724,-3.81404243361551,0.083686998110061,2.7228129719204,2.22104738701234,0.238987877785646,-0.461076471958613,-0.874307644315444,0.585776700335528,3.28314742521325,2.30899782383628,-2.57196693226173,-4.8195843700127,2,classical
classical.00052.au,161.4990234375,74,0.387949211478082,0.055504653602839,2411.93871752131,2436.35544149661,4994.71146432977,0.126970131699884,-186.398859583404,86.6577316311588,-15.707338109101,14.7437975982326,-2.21622933256894,6.26982261827897,-0.889201195856618,0.6652992953959,-6.08688807238198,-5.21079259434124,-7.86058481665986,-1.71716265105426,-4.7077168581868,-2.05879872041849,1.40847727916004,2.76047845070236,3.30134922495867,3.11086097435756,-4.41013746908043,-5.03804231047271,2,classical
classical.00018.au,161.4990234375,79,0.239078870527731,0.018684960901737,1157.88985830709,1320.76933448798,2181.97847254136,0.070668884844234,-405.673814075999,145.707310540188,-0.832810520090538,23.0740045430587,9.22129117153519,-2.64932960890183,-5.74746685133468,-2.08503984928098,-0.642352710506453,6.76243845674165,2.80433002257051,2.44066656876582,5.08026227401863,2.38739836003426,1.86819932234442,2.49929556644363,1.51976451089187,-2.26374676374715,-1.44239084331915,2.6134599643038,2,classical
classical.00095.au,86.1328125,43,0.227545202894698,0.013565916568041,1800.70784315715,1780.94226873224,3426.85427828101,0.124357146744389,-422.605490836202,89.8327242582814,-18.7176852661302,37.7984894037759,6.00815988516421,4.15811875373855,-1.98177572508284,12.1244645898854,4.16750761373822,13.7887694971523,2.82442221975306,5.88709754542354,6.12817506404497,8.14462900556669,12.3575879793301,7.09321453313008,2.4143644941957,0.78417849188002,-3.42136843315017,-0.746098512880636,2,classical
classical.00012.au,95.703125,36,0.235657963008327,0.031418923288584,1179.90865426984,1332.07604267127,2153.69531023244,0.065938754716525,-362.706803413152,143.950016753892,-18.9787359392338,30.6483980119537,1.05136197134148,0.268699895097226,-7.97179892603491,-3.86897480228299,-8.92418756366179,3.24623228185689,-4.44910590949947,3.63387477246989,4.9317764411023,3.2798997418969,6.37113191894615,6.07248976720136,3.84666411578982,-0.252130441715306,1.15993873512438,1.79278187935112,2,classical
classical.00032.au,103.359375,48,0.283133883418444,0.008045235648751,792.899921079003,1205.27047018292,1207.56769800334,0.036581789376935,-498.584113722004,177.519916170793,11.205839762837,27.6455447250817,-2.83398737212944,5.10115302314926,-6.60543512121878,-1.06035518076903,-4.15225269941833,-3.05344628769203,-9.90649501094741,-8.56630221983964,-9.1851453265888,-11.9307922137123,-9.19008417374227,-10.8973564124453,-8.85378505359752,-3.9325982682308,-2.39112239156482,-2.30270648515901,2,classical
classical.00088.au,103.359375,45,0.294134905374451,0.028241822496057,1302.66245485059,1455.25172641848,2347.18580688854,0.070536232585139,-299.775531311512,157.336858509869,-37.354209311873,15.771008381306,-5.74981701304324,-4.45776919363755,-6.81590537576604,-10.7372520839894,-9.8834000152059,-8.15330097981929,-5.41767336307741,-7.83764952713698,-2.73207134198749,-1.10823597827565,1.6503443208563,3.64217874887538,3.08436861314683,0.109204951878661,-0.795171759483025,-2.73800478249617,2,classical
classical.00026.au,161.4990234375,79,0.245645578548726,0.038903284817934,1278.60108725985,1311.81497307925,2233.26982905621,0.081748182928599,-319.330973425241,143.658760620323,-31.1695738358347,10.9150318123062,-5.5363440230481,-4.25985607336542,-8.93405835390016,-5.58997174056245,-8.01628353355106,2.33327068646366,-4.46937962502852,-0.329832967269067,0.964388371260978,1.14235525000184,-0.477749410167343,-1.31732417715585,0.151645333289159,1.50490048047299,3.70442003059757,3.06090599390446,2,classical
classical.00029.au,135.999177631579,58,0.246935360837858,0.041608013212681,1558.81395259938,1578.5636815986,2922.06566400203,0.092215239817144,-297.21974762606,130.280588620329,-30.588889551066,27.4903728252225,-7.05962056814816,1.99033594983966,-11.1271615575844,4.75454828290051,-8.77272810625547,5.41972200205295,-5.37344768497069,4.46951043071563,1.73151925842431,1.8881367402178,-1.31046907774571,1.09091206374765,-0.989501507762127,-1.46482988475079,0.635971409428975,1.15991562737664,2,classical
classical.00030.au,117.453835227273,53,0.278348916172904,0.029736259952188,1243.7180205219,1358.62538070995,2353.12743762698,0.063724482391641,-315.649645648185,149.671702773784,-30.5981516272262,23.2239762536601,-8.70046426023952,-10.1054785198898,-15.7347520462322,-4.04569929813596,-7.65875710629193,0.046664279047316,-11.1419252676337,-7.66872881650397,-5.87095386724681,-4.85739360007782,-5.14102418867665,-5.41610360339996,-3.1731723364918,1.4509252104314,0.128026327447858,-4.17890278384901,2,classical
classical.00021.au,135.999177631579,67,0.266760217102417,0.045469101518393,1371.28356609189,1440.79144503064,2570.00112622146,0.079566790223491,-278.211871381787,147.887749431772,-31.5780698780978,20.3656258441751,-9.58499936904646,-6.24318345670465,-13.6078779989072,-0.664353525732371,-7.27358857929793,1.02413784604733,-11.7545836357753,-0.964953370945223,-2.22194410075575,-0.574204163220634,1.8751233468206,5.14971160044774,2.63044807355934,0.821937270769224,-1.64706776687341,-0.104044565567513,2,classical
classical.00085.au,107.666015625,52,0.309652753682693,0.038888599723578,1525.61929299683,1588.17546741694,2732.97514073989,0.09158788155476,-246.189627190332,149.447737469858,-41.977003852994,11.6157316474916,-10.2859909936335,-4.01375301134241,-7.13934732953231,-10.1340299563041,-9.42348362103891,-7.17018070145022,-3.15028177802407,-5.63042379924755,-2.57988138564154,-4.52107493570112,-6.16534604566824,-4.97054988765557,-3.34655345757049,-3.34527584933096,-0.672825415876654,0.221499452375344,2,classical
classical.00053.au,215.33203125,95,0.304577592937474,0.139884322881699,1465.48188595392,1554.51061746682,2749.19170934718,0.087918969499807,-119.290345755302,149.588261367385,-43.3343734920312,24.6393991871328,-5.61512583121199,10.786390212712,-2.89942811289522,0.787197090593968,-6.54719639080221,4.3967794259062,-1.29280012794731,1.36543050464329,-1.08114162959281,-2.4352406509688,-1.93758499243444,1.29807274028254,-1.3811968794907,1.04497313439625,-5.60296602353718,-1.98624264263108,2,classical
classical.00011.au,151.999080882353,57,0.243056367777603,0.021505473181605,949.460831970376,1112.24541300548,1695.88141190378,0.060726012238777,-385.246857451736,177.256790435791,-9.32169692966559,24.3773406379707,5.83310777972358,-4.56081223451935,-6.3499443073252,-6.98205993025648,-4.13070597896518,3.8517647713094,-0.355619851814062,-0.934136338021686,-3.65864695969738,-2.10455919872133,3.64653991250954,0.722249045971498,-1.22629823943232,-0.747415878159093,2.79586486422079,1.55417729981991,2,classical
classical.00060.au,123.046875,57,0.305244371472983,0.068768858909607,1803.62175567003,1898.05982871482,3366.51297648994,0.104016377829915,-166.406492111245,122.128231936886,-32.1065120660693,16.6887617307858,-5.39815142021812,-2.48000917425557,-9.82796100031374,-4.90078327527393,-6.97722058608819,-4.57006420320213,-6.66029672934657,-5.49258396666642,-5.37486381305269,-4.96304715850153,-2.79145971950043,-3.19316355183267,-4.08294269869519,-3.54599576036787,-4.63145162110023,-1.17283040434875,2,classical
classical.00003.au,71.77734375,30,0.234236042111098,0.029449770227075,1526.64706667711,1499.53261691598,2915.97403417062,0.108951722136223,-326.864835790395,127.391309532108,-30.5960956675879,37.4688014946649,-5.29610261954892,20.8108714223681,-1.77864408184746,-4.604763388706,-4.05447267346612,5.22894157626693,-0.645898281278971,2.8076390891073,7.25217582650356,3.98063896021491,-2.38903548170286,1.49096826316071,0.583444169291572,-0.610586777347381,2.33446855600142,2.64974228388819,2,classical
classical.00007.au,215.33203125,106,0.276529210752812,0.040873736143112,1358.91835831481,1516.20852295612,2667.90053423713,0.07314694998065,-286.838420957392,135.919444695116,-24.4371159078682,36.6486436107495,-6.2344564235906,6.95407552474222,-8.16277901939106,3.83932785595819,-4.39052444780426,6.42992069639262,-4.1237421776563,1.54366815466014,-4.34695691630642,-3.01897740577714,-0.005314097608598,5.6524133187042,3.43700994391943,2.83097658116677,1.09717444942444,-0.294304202082659,2,classical
classical.00049.au,103.359375,53,0.311586872956632,0.123812079429626,2224.87016394501,2274.30991201547,4467.43131938734,0.109446428139512,-98.3232926827084,98.3569325629555,-20.4917624254197,18.8181384210351,-2.0967205576204,2.66357033967329,-7.30994660113375,-3.5869280399009,-7.98606511977947,-1.91630911539695,-4.72748667170937,0.627075773832918,-2.59127301092138,-1.47052518169607,-3.17064991427941,0.65762590614651,-4.81637433871679,-2.21776159005947,-3.80897976883148,0.233789431021452,2,classical
classical.00057.au,107.666015625,44,0.253792936747894,0.016777493059635,1751.27141722562,1929.81075847754,3235.6637677172,0.095257927389706,-367.167175029551,112.843462877089,-18.7554401764616,10.1684116963249,-1.6102495197795,3.8075220576846,0.919349335123902,5.06509195157968,-5.36544540516329,-9.51914660778106,-8.4922818065237,-1.78495322466326,1.29879160903953,-3.868345564413,-2.63781275996787,-1.05349027008367,-1.27152355274086,-2.50353728548492,-2.57247237166406,-4.06223225763443,2,classical
classical.00048.au,172.265625,86,0.296546769743065,0.16094383597374,1515.56208512927,1642.20116788949,2770.91657797988,0.087271581124226,-123.813890257822,148.48594073526,-21.5386566507834,17.44088151351,-1.4277240865209,4.17846451956997,-6.99298141868258,-5.08117535881885,-5.79317792604192,5.04186120793386,-6.24615934267147,-1.97275486092073,-0.971060913266703,-2.45215766172689,-4.32048279253259,-0.865963435215367,-4.71495299621924,-2.22983331092374,-5.13243027940159,-3.21506366263309,2,classical
classical.00063.au,95.703125,46,0.226774791727964,0.020157426595688,690.075901632317,1357.99303584439,749.062137190403,0.03605420375387,-465.881424360289,180.226274959297,56.666090113535,11.0206661483975,5.83613259896004,0.733154211052295,-3.96780047962933,-5.88953201418866,-8.46591806164873,-9.78887642354385,-7.69505478216441,-3.25770282536278,-1.86236247457124,-4.01522492653288,-4.10805042574514,-2.473332007223,-2.35645496721489,-2.98989077236451,-3.21861883293441,-1.7083001694483,2,classical
classical.00080.au,143.5546875,69,0.437909369654619,0.005275613628328,972.03352669264,1615.11686746232,1907.41346613172,0.03153760219137,-549.788997575799,157.084783023501,6.57102423146187,34.4396484174004,13.2774861811273,5.74588540042246,5.06051313641339,-3.00992848189802,2.06072478557127,3.07612631029835,2.01379727608869,3.2408817287106,5.66956565198722,5.70483042755769,3.63874395103512,4.09025694864397,4.32978092165974,3.35738999997449,2.62276205868434,1.66247976935116,2,classical
classical.00038.au,151.999080882353,59,0.294410142509249,0.044319286942482,1279.04166143685,1339.07239885235,2376.66062865833,0.075835898195627,-276.043356437146,146.37161991054,-36.5712750205787,24.1877425167533,-2.53928235736209,-2.17739533357173,-13.2930685645019,-6.52578650795959,-9.39407304286495,-3.12077358992497,-11.5315693704756,-4.19068157317405,-1.67729061767469,-1.52068684888044,-3.1979536620584,-1.76845369732376,-2.23890060676724,-3.52431903909034,-2.99468267808721,-3.30354850491969,2,classical
classical.00005.au,143.5546875,66,0.268581566661198,0.043271575123072,1431.42756079484,1558.38814919255,2836.65784711808,0.07523877406637,-264.247349370406,138.148905964138,-30.0945645749746,37.815591100747,-7.17377357527264,6.77630749535318,-11.7985038819765,4.71285002007007,-9.83042531420585,5.84923284021457,-9.57409049354828,2.66786614187431,-4.79153489299898,-1.40499190226777,-2.09434178312064,2.98420799435499,3.36147753284798,4.81461020486348,1.76176188757238,-1.82676715151933,2,classical
classical.00042.au,198.768028846154,96,0.261728171404292,0.134665444493294,1327.31442538598,1326.71884291664,2172.57019609859,0.093852796052632,-160.315957498849,164.130423503813,-48.8865906421794,1.59452728399088,-7.59112536095393,-2.62572443020234,-11.0764918083295,-7.02464228831279,-8.11980807455104,1.23349670027035,-5.49574604308944,-4.22036399530943,-5.4572561194831,-1.71006598234732,-3.09217418306106,-1.29239715595672,-6.09958126256116,-0.928016344446002,-4.04584753325248,-1.55773215583468,2,classical
classical.00068.au,83.3543346774194,40,0.257274684499755,0.05739738047123,1559.72185192808,1615.76953844208,2812.83299118373,0.095202372170085,-234.397677421284,130.268765845925,-39.5486172213081,19.3380330592733,-6.79701685713076,-5.12645467741639,-3.70948223504444,-4.03549986066192,-5.0706119537022,-1.36752546601386,-7.73635929200275,-4.38191151127247,0.465239998866594,0.785137365701934,5.45849394542165,8.77755007938364,7.04020843199584,2.41622870705627,-2.30631241324011,-0.242262314978441,2,classical
classical.00075.au,117.453835227273,47,0.217421431877232,0.016483211889863,1171.71850347732,1466.93164467231,2235.90314646623,0.060884741437694,-412.937821441607,138.533206507876,-19.2676766767498,34.1532236434887,8.96380517800068,-4.2960853828686,4.1621094561842,0.886123709703586,3.07576842888089,0.107535419996389,-4.06112935050384,3.78927351705016,5.92425361625273,3.49183278492314,6.6268015165444,6.74629920247171,2.4714714937751,-1.88115977132076,-0.062472207084884,2.72435613202516,2,classical
classical.00051.au,135.999177631579,40,0.381394245879701,0.080538675189018,1527.62981578695,2079.66370159655,3220.84719064435,0.060105078729683,-230.244537699164,119.15128960274,-1.0509985645587,28.3879165639395,10.0087106043763,16.1288360550922,4.79174913729431,6.19090720634608,0.94735648343856,5.9125717330012,-1.17827450676743,3.57395968743331,-2.10035740214921,-0.905366584972395,-1.85041440104736,-0.0018982427925,-2.79670029812582,2.33620298207166,-1.44090018245163,2.73994203390944,2,classical
classical.00013.au,129.19921875,60,0.23211412889809,0.031741570681334,1388.03499511354,1456.18458664224,2598.75095237519,0.080889533547794,-343.110340022851,140.104237166749,-20.9151948315621,32.3365083313651,-3.68887760506441,2.93792806078536,-10.6727086400883,0.316627781926216,-5.78678242366699,7.68937508382519,-3.67248003871669,2.56206926066087,-3.49830634496476,-2.24553889204823,-0.837853865362368,0.887983257332707,0.482037592032765,0.947071094048419,1.86416376456563,-0.637870130963279,2,classical
classical.00001.au,112.34714673913,56,0.215063799847814,0.030627835541964,1360.40835387696,1441.14383098557,2387.21889814725,0.087771578100813,-324.05876869548,133.610044162078,-25.0311000118205,24.5675549584967,-11.9336881884017,17.6625280563929,-5.5306945573804,1.71668672616688,-10.5696411631198,-0.845978302904985,-7.7981124358404,3.52239950405581,5.04173524537238,1.36183357957451,3.00334600474866,-3.12486310982117,-4.29153366813254,0.591217508823768,2.87197342449192,0.366270830239129,2,classical
classical.00014.au,143.5546875,66,0.234085778157074,0.031621873378754,1279.61457767856,1370.5741195079,2389.50221767366,0.06847313092589,-324.596166919923,147.814684120552,-31.9228568070822,27.3947609646301,-4.49021411779376,-4.17385728666176,-12.5777844417806,-5.13374956264444,-7.73308387706849,0.834527317975344,-8.18713649249166,-0.830245733568779,1.00708380847243,3.66631272629724,6.20483547485611,4.7068064744451,-0.047575241245986,-2.34040329101959,2.23220478000486,-0.550190555974434,2,classical
classical.00074.au,161.4990234375,79,0.237426219134104,0.037299454212189,1359.90530692501,1572.45291745102,2568.6178012529,0.07211672189435,-289.798605223299,143.909318895134,-26.9960542123393,24.0700603311613,-1.14774307647701,-6.29749276214829,-2.74530825423211,-3.52856791164949,-3.02136725398862,-3.14663095783594,-7.25705349164637,-1.684358967916,3.07896982589207,2.68626445255134,2.53504861373993,4.61413002322396,2.37667364439389,-1.27305082500912,-3.54175772585033,-2.80638656808188,2,classical
classical.00093.au,135.999177631579,67,0.226947912183622,0.082526974380016,1623.85938810981,1551.62743361229,2732.31681138738,0.108258226707624,-207.34627988916,117.60168578736,-41.3953441743304,13.2488214167887,-1.67771535901695,15.5139665657197,-10.3560337669812,-1.87050383386279,-12.7460470163604,7.01328077654567,-0.772161411581669,2.06363864730264,-8.26779512907874,-1.46982281292442,-7.08292063012562,0.935701160721,-5.54082759370927,-8.49891669230404,-1.48604411984055,5.38228158920816,2,classical
classical.00009.au,234.907670454545,117,0.270478239493348,0.023797711357474,1216.29376240274,1582.80155096701,2560.25951846096,0.056270256869195,-356.142200522333,139.805789824627,-6.27847650981477,43.1762881196099,-8.8590806114226,11.0425768398299,-8.37395726476173,4.41575527247117,-8.29099799762079,8.67696976566662,-8.13815806406334,3.42429328981718,-1.43833443982167,-0.419472501349944,-1.72671875234087,-0.283631468257323,-0.653537690368229,1.16054822967599,-0.624840824457332,-0.2575315811427,2,classical
classical.00034.au,123.046875,57,0.274045740300347,0.038926433771849,1369.62755341586,1465.90437029659,2655.1172782024,0.073567960284443,-309.226385449432,138.649075519343,-29.711162449595,33.6200685718502,-0.36660161735223,5.23973352215658,-6.3274463287093,3.26768068007125,-6.71717736718729,-0.6966077176645,-13.243365478651,-8.52291096818712,-9.66567782528705,-4.29915080023504,0.254182351500058,1.02588678789183,1.90587114365144,3.71826406085235,2.55592001330467,-4.92879522641081,2,classical
classical.00022.au,107.666015625,40,0.276292326271339,0.04790722578764,1211.199951983,1367.09887295018,2237.36147098128,0.06844629813274,-278.749695478868,160.025502029529,-28.4055033633751,23.0652863500974,-2.69534191418575,3.01448534815982,-11.2918695518918,-0.508197781499713,-11.3593991954017,3.17976411777447,-5.10296763287948,4.33849791798943,-4.07725688607552,-0.160675446157479,-1.67059686002926,1.64259985215599,0.999606398777631,-0.76148263533614,-3.83427125763993,-3.55305885568857,2,classical
classical.00087.au,123.046875,52,0.274433506287315,0.021447382867336,876.875612596356,1108.44032211905,1457.20785513013,0.051046554518189,-393.008350255627,190.791967019172,-13.327966699502,8.27054301521982,1.54557289921647,-11.0783361260036,-11.2457708264761,-14.00335754744,-10.6188723045546,-9.39291823675351,-4.61481227853404,-10.0683098126357,-4.81395544476948,-1.74929670602361,-4.67602842404131,-2.1284954934112,1.0194389163859,1.30468497528084,-0.158309849765838,-1.41417128526898,2,classical
classical.00077.au,161.4990234375,76,0.219015446867034,0.01675721257925,811.679646676433,1008.65501583595,1236.06752566878,0.048344756796633,-477.968405100013,155.339893263625,12.7625068422197,5.52071004898261,2.38804693361417,-10.6454164541763,-16.6359290685387,-12.5354490515758,-11.1846402702999,-9.37608002354776,-3.21706472150976,-2.76659244547335,-6.46633321590089,-8.29672413618802,-7.09260838529795,-7.47546568342601,-5.32572992302041,1.26101325222369,1.87498345940932,-1.65799918692338,2,classical
classical.00059.au,117.453835227273,56,0.282586723940881,0.069164112210274,1551.64714442551,1651.37920591394,2841.57448405452,0.093299511416409,-197.131536578132,137.372650574372,-34.1901488857093,25.3637577285986,-5.27890920224663,-2.77500814061216,-9.49556311149631,-7.60407647636918,-7.64976863028601,-5.66342825664793,-4.38235225181324,-5.43387891810091,-3.54479525253914,-5.66973670007467,-1.88941347673181,-2.88526395731386,-3.48232482790061,-4.02488990093445,-7.2947742227017,-4.20093990920442,2,classical
classical.00027.au,135.999177631579,68,0.240704897647779,0.028419449925423,901.834480527302,1171.91579595452,1456.66619173883,0.053449412248452,-366.220203468488,181.600639362844,-5.52495503473566,27.0015098323464,-4.81776196001819,4.61373176129652,-10.5273526572414,0.163987134489666,-11.1343528215881,3.58368245147672,-10.3311332715802,-1.08193611330337,-4.5992072926298,-0.484403680478032,0.838412813351884,0.247920415647022,2.1312025659905,0.704445449461226,1.02919379628586,-3.06196476967455,2,classical
classical.00020.au,143.5546875,69,0.269064543195796,0.038438498973847,1218.29050794952,1353.61622421918,2295.17778804059,0.069812880950077,-300.937696794834,161.111154138262,-24.2441417742685,27.9650836377102,-2.8448297594963,2.36566311043794,-11.2486846783717,0.212808052999697,-6.82238596640816,6.08722351105777,-8.1320762651442,-1.8083250390765,-4.10460174892409,-2.04566822630526,-1.59643731963891,0.646647857254724,1.45441371273211,-0.22109416472393,-1.29208398590078,-7.10052661983529,2,classical
classical.00072.au,117.453835227273,57,0.279420640274916,0.020731510594487,1284.92177493882,1659.62261400088,2476.56835786329,0.063749803478135,-360.82176875082,138.999301851795,-12.9392655929732,33.8057610597282,7.58608399234783,-1.71611532933295,1.03666551772382,4.07786454953619,3.93350800626348,0.931713080793351,0.504210195113092,4.68460049935403,3.3431870201065,-2.25125536838351,-1.85286771367589,2.21502938568813,1.78478766088751,-1.51967419917564,-3.25352081461833,3.99894962850248,2,classical
classical.00061.au,151.999080882353,76,0.281669836921029,0.048188842833042,1322.02641635327,1590.23332852888,2473.62670898437,0.076126145873646,-274.426857852154,148.374498098258,-20.3270883729818,21.8030852451197,7.95062795002882,3.78624462831056,-2.22953991218934,-6.09759541218265,-5.63047001504148,-6.69599762977845,-5.91531891130874,-4.59236787759947,-1.54061021799652,-3.02873667057257,-4.69714468724013,-7.71500467915051,-7.21251744575536,-5.41075147383866,-5.24698516214477,-5.27015018538806,2,classical
classical.00008.au,135.999177631579,67,0.254773571415735,0.034038126468659,1516.62621933857,1629.50070478914,2973.78201794698,0.078787883368808,-292.128300164428,127.769045844284,-29.9010406740065,37.4301876298239,-9.54702436028504,5.1137033805414,-13.8116946179801,7.02610101559111,-7.03017461625913,6.48969689902956,-9.90608098493342,4.70910659278281,0.377205969372184,1.46433344236879,3.39367384205357,6.07653764825727,0.963428929041613,-0.753660245874,-2.10531229010213,0.755132392281483,2,classical
classical.00084.au,112.34714673913,25,0.245490777690747,0.021982315927744,1001.40043876472,1151.02807837761,1731.72286184211,0.05794825125774,-369.184224130157,171.986996666967,-27.2987030877081,6.03278321613696,-0.122546169352113,-10.6743207169908,-11.9141438706783,-10.1921128160423,-11.3589703973649,-10.5043543457148,-8.3700933505781,-9.79799471607911,-5.05108425450233,-5.08438597111116,-3.03844186230626,-1.71845847510392,-1.84909021008251,-2.25747845444738,-1.27330675103406,-0.441167254873976,2,classical
